,,,,,,,,,,,,,,,,,,,,,,,,,,,,,,,,,,,,,,,,,,,,,,,,,,,,,,,,,,,,,,,,,,,,,,,,,,,,,,,,,,,,,,,,,,,,,,,,,,,,,,,,,,,,,,,,,,,,,,,,,,,,,,,,,,,,,,,,,,,,,,,,,,,,,,,,,,,,,,,,,,,,,,,,,,,,,,,,,,,,,,,,,,,,,,,,,,,,,,,,,,,,,,,,,,,,,,,,,,,,,,,,,,,,,,,,,,,,,,,,,,,,,,,,,,,,,,,,,,,,,,,,,,,,,,,,,,,,,,,,,,,,,,,,,,,,,,,,,,,,,,,,,,,,,,,,,,,,,,,,,,,,,,,,,,,,,,,,,,,,,,,,,,,,,,,,,,,,,,,,,,,,,,,,,,,,,,,,,,,,,,,,,,,,,,,,,,,,,,,,,,,,,,,,,,,,,,,,,,,,,,,,,,,,,,,,,,,,,,,,,,,,,,,,,,,,,,,,,,,,,,,,,,,,,,,,,,,,,,,,,,,,,,,,,,,,,,,,,,,,,,,,,,,,,,,,,,,,,,,,,,,,,,,,,,,,,,,,,,,,,,,,,,,,,,,,,,,,,,,,,,,,,,,,,,,,,,,,,,,,,,,,,,,,,,,,,,,,,,,,,,,,,,,,,,,,,,,,,,,,,,,,,,,,,,,,,,,,,,,,,,,,,,,,,,,,,,,,,,,,,,,,,,,,,,,,,,,,,,,,,,,,,,,,,,,,,,,,,,,,,,,,,,,,,,,,,,,,,,,,,,,,,,,,,,,,,,,,,,,,,,,,,,,,,,,,,,,,,,,,,,,,,,,,,,,,,,,,,,,,,,,,,,,,,,,,,,,,,,,,,,,,,,,,,,,,,,,,,,,,,,,,,,,,,,,,,,,,,,,,,,,,,,,,,,,,,,,,,,,,,,,,,
토마토 주간 생육측정 ,,,,,,,,,,,,,,,,,,,,,,,,,,,,,,,,,,,,,,,,,,,WK 29,WK 30,WK 31,WK 32,WK 33,WK 34,WK 35,WK 36,WK 37,WK 38,WK 39,WK 40,WK 41,WK 42,WK 43,WK 44,WK 45,WK 46,WK 47,WK 48,WK 49,WK 50,WK 51,WK 52,WK 1,WK 2,WK 3,WK 4,WK 5,WK 6,,WK 7,,WK 8,,WK 9,,WK 10,,WK 11,,WK 12,,WK 13,,WK 14,,WK 15,,WK 16,,WK 17,,WK 18,,WK 19,,WK 20,,WK 21,,WK 22,,,,,,,,,,,,,,,,,,,,,,,,,,,,,,,,,,,,,,,,,,,,,,,,,,,,,,,,,,,,,,,,,,,,,,,,,,,,,,,,,,,,,,,,,,,,,,,,,,,,,,,,,,,,,,,,,,,,,,,,,,,,,,,,,,,,,,,,,,,,,,,,,,,,,,,,,,,,,,,,,,,,,,,,,,,,,,,,,,,,,,,,,,,,,,,,,,,,,,,,,,,,,,,,,,,,,,,,,,,,,,,,,,,,,,,,,,,,,,,,,,,,,,,,,,,,,,,,,,,,,,,,,,,,,,,,,,,,,,,,,,,,,,,,,,,,,,,,,,,,,,,,,,,,,,,,,,,,,,,,,,,,,,,,,,,,,,,,,,,,,,,,,,,,,,,,,,,,,,,,,,,,,,,,,,,,,,,,,,,,,,,,,,,,,,,,,,,,,,,,,,,,,,,,,,,,,,,,,,,,,,,,,,,,,,,,,,,,,,,,,,,,,,,,,,,,,,,,,,,,,,,,,,,,,,,,,,,,,,,,,,,,,,,,,,,,,,,,,,,,,,,,,,,,,,,,,,,,,,,,,,,,,,,,,,,,,,,,,,,,,,,,,,,,,,,,,,,,,,,,,,,,,,,,,,,,,,,,,,,,,,,,,,,,,,,,,,,,,,,,,,,,,,,,,,,,,,,,,,,,,,,,,,,,,,,,,,,,,,,,,,,,,,,,,,,,,,,,,,,,,,,,,,,,,,,,,,,,,,,,,,,,,,,,,,,,,,,,,,,,,,,,,,,,,,,,,,,,,,,,,,,,,,,,,,,,,,,,,,,,,,,,,,,,,,,,,,,,,,,,,
WEEK,,,#REF!,,#REF!,,,,,,#REF!,,#REF!,,,,,,#REF!,,#REF!,,,,,,#REF!,,#REF!,,,,,,#REF!,,#REF!,,,,,,2025-07-16,2025-07-23,2025-07-30,2025-08-06,2025-08-13,2025-08-20,2025-08-27,2025-09-03,2025-09-10,2025-09-17,2025-09-24,2025-10-01,2025-10-08,2025-10-15,2025-10-22,2025-10-29,2025-11-05,2025-11-12,2025-11-19,2025-11-26,2025-12-03,2025-12-10,2025-12-17,2025-12-24,2026-01-02,2026-01-07,2026-01-14,2026-01-21,2026-01-28,2026-02-04,,2026-02-11,,2026-02-18,,2026-02-25,,2026-03-04,,2026-03-11,,2026-03-18,,2026-03-25,,2026-04-01,,2026-04-08,,2026-04-15,,2026-04-22,,2026-04-29,,2026-05-06,,2026-05-13,,2026-05-20,,2026-05-27,,2026-05-13,,WK 20,,,,,,2026-05-20,,WK 21,,,,,,2026-05-27,,WK 22,,,,,,2026-06-03,,WK 23,,,,,,2026-06-10,,WK 24,,,,,,2026-06-17,,WK 25,,,,,,2026-06-24,,WK 26,,,,,,2026-07-01,,WK 27,,,,,,2026-07-08,,WK 28,,,,,,2026-07-15,,WK 29,,,,,,2026-07-22,,WK 30,,,,,,2026-07-29,,WK 31,,,,,,2026-08-05,,WK 32,,,,,,2026-08-12,,WK 33,,,,,,2026-08-19,,WK 34,,,,,,2026-08-26,,WK 35,,,,,,2026-09-02,,WK 36,,,,,,2026-09-09,,WK 37,,,,,,2026-09-16,,WK 38,,,,,,2026-09-23,,WK 39,,,,,,2026-09-30,,WK 40,,,,,,2026-10-07,,WK 41,,,,,,2026-10-14,,WK 42,,,,,,2026-10-21,,WK 43,,,,,,2026-10-28,,WK 44,,,,,,2026-11-04,,WK 45,,,,,,2026-11-11,,WK 46,,,,,,2026-11-18,,WK 47,,,,,,2026-11-25,,WK 48,,,,,,2026-12-02,,WK 49,,,,,,2026-12-09,,WK 50,,,,,,2026-12-16,,WK 51,,,,,,2026-12-23,,WK 52,,,,,,2026-12-30,,WK 53,,,,,,2027-01-06,,WK 1,,,,,,2027-01-13,,WK 2,,,,,,2027-01-20,,WK 3,,,,,,2027-01-27,,WK 4,,,,,,2027-02-03,,WK 5,,,,,,2027-02-10,,WK 6,,,,,,2027-02-17,,WK 7,,,,,,2027-02-24,,WK 8,,,,,,2027-03-03,,WK 9,,,,,,2027-03-10,,WK 10,,,,,,2027-03-17,,WK 11,,,,,,2027-03-24,,WK 12,,,,,,2027-03-31,,WK 13,,,,,,2027-04-07,,WK 14,,,,,,2027-04-14,,WK 15,,,,,,2027-04-21,,WK 16,,,,,,2027-04-28,,WK 17,,,,,,2027-05-05,,WK 18,,,,,,2027-05-12,,WK 19,,,,,,2027-05-19,,WK 20,,,,,,2027-05-26,,WK 21,,,,,,2027-06-02,,WK 22,,,,,,2027-06-09,,WK 23,,,,,,2027-06-16,,WK 24,,,,,,2027-06-23,,WK 25,,,,,,2027-06-30,,WK 26,,,,,,2027-07-07,,WK 27,,,,,,2027-07-14,,WK 28,,,,,,2027-07-21,,WK 29,,,,,,2027-07-28,,WK 30,,,,,,2027-08-04,,WK 31,,,,,,2027-08-11,,WK 32,,,,,,2027-08-18,,WK 33,,,,,,2027-08-25,,WK 34,,,,,,2027-09-01,,WK 35,,,,,,2027-09-08,,WK 36,,,,,,2027-09-15,,WK 37,,,,,,2027-09-22,,WK 38,,,,,,2027-09-29,,WK 39,,,,,,2027-10-06,,WK 40,,,,,,2027-10-13,,WK 41,,,,,,2027-10-20,,WK 42,,,,,,2027-10-27,,WK 43,,,,,,2027-11-03,,WK 44,,,,,,2027-11-10,,WK 45,,,,,,2027-11-17,,WK 46,,,,,,2027-11-24,,WK 47,,,,,,2027-12-01,,WK 48,,,,,,2027-12-08,,WK 49,,,,,,2027-12-15,,WK 50,,,,,,2027-12-22,,WK 51,,,,,,2027-12-29,,WK 52,,,,,,2028-01-05,,WK 1,,,,,,2028-01-12,,WK 2,,,,,,2028-01-19,,WK 3,,,,,,2028-01-26,,WK 4,,,,,,2028-02-02,,WK 5,,,,,,2028-02-09,,WK 6,,,,,,2028-02-16,,WK 7,,,,,,2028-02-23,,WK 8,,,,,,2028-03-01,,WK 9,,,,,
토마지노,,작물 번호,1-1,,1-2,,1-3,,1-4,,1-1,,1-2,,1-3,,1-4,,1-1,,1-2,,1-3,,1-4,,1-1,,1-2,,1-3,,1-4,,1-1,,1-2,,1-3,,1-4,,1-1,1-1,1-1,1-1,1-1,1-1,1-1,1-1,1-1,1-1,1-1,1-1,1-1,1-1,1-1,1-1,1-1,1-1,1-1,1-1,1-1,1-1,1-1,1-1,1-1,1-1,1-1,1-1,1-1,1-1,1-2,1-1,1-2,1-1,1-2,1-1,1-2,1-1,1-2,1-1,1-2,1-1,1-2,1-1,1-2,1-1,1-2,1-1,1-2,1-1,1-2,1-1,1-2,1-1,1-2,1-1,1-2,1-1,1-2,1-1,1-2,1-1,1-2,1-1,,1-2,,1-3,,1-4,,1-1,,1-2,,1-3,,1-4,,1-1,,1-2,,1-3,,1-4,,1-1,,1-2,,1-3,,1-4,,1-1,,1-2,,1-3,,1-4,,1-1,,1-2,,1-3,,1-4,,1-1,,1-2,,1-3,,1-4,,1-1,,1-2,,1-3,,1-4,,1-1,,1-2,,1-3,,1-4,,1-1,,1-2,,1-3,,1-4,,1-1,,1-2,,1-3,,1-4,,1-1,,1-2,,1-3,,1-4,,1-1,,1-2,,1-3,,1-4,,1-1,,1-2,,1-3,,1-4,,1-1,,1-2,,1-3,,1-4,,1-1,,1-2,,1-3,,1-4,,1-1,,1-2,,1-3,,1-4,,1-1,,1-2,,1-3,,1-4,,1-1,,1-2,,1-3,,1-4,,1-1,,1-2,,1-3,,1-4,,1-1,,1-2,,1-3,,1-4,,1-1,,1-2,,1-3,,1-4,,1-1,,1-2,,1-3,,1-4,,1-1,,1-2,,1-3,,1-4,,1-1,,1-2,,1-3,,1-4,,1-1,,1-2,,1-3,,1-4,,1-1,,1-2,,1-3,,1-4,,1-1,,1-2,,1-3,,1-4,,1-1,,1-2,,1-3,,1-4,,1-1,,1-2,,1-3,,1-4,,1-1,,1-2,,1-3,,1-4,,1-1,,1-2,,1-3,,1-4,,1-1,,1-2,,1-3,,1-4,,1-1,,1-2,,1-3,,1-4,,1-1,,1-2,,1-3,,1-4,,1-1,,1-2,,1-3,,1-4,,1-1,,1-2,,1-3,,1-4,,1-1,,1-2,,1-3,,1-4,,1-1,,1-2,,1-3,,1-4,,1-1,,1-2,,1-3,,1-4,,1-1,,1-2,,1-3,,1-4,,1-1,,1-2,,1-3,,1-4,,1-1,,1-2,,1-3,,1-4,,1-1,,1-2,,1-3,,1-4,,1-1,,1-2,,1-3,,1-4,,1-1,,1-2,,1-3,,1-4,,1-1,,1-2,,1-3,,1-4,,1-1,,1-2,,1-3,,1-4,,1-1,,1-2,,1-3,,1-4,,1-1,,1-2,,1-3,,1-4,,1-1,,1-2,,1-3,,1-4,,1-1,,1-2,,1-3,,1-4,,1-1,,1-2,,1-3,,1-4,,1-1,,1-2,,1-3,,1-4,,1-1,,1-2,,1-3,,1-4,,1-1,,1-2,,1-3,,1-4,,1-1,,1-2,,1-3,,1-4,,1-1,,1-2,,1-3,,1-4,,1-1,,1-2,,1-3,,1-4,,1-1,,1-2,,1-3,,1-4,,1-1,,1-2,,1-3,,1-4,,1-1,,1-2,,1-3,,1-4,,1-1,,1-2,,1-3,,1-4,,1-1,,1-2,,1-3,,1-4,,1-1,,1-2,,1-3,,1-4,,1-1,,1-2,,1-3,,1-4,,1-1,,1-2,,1-3,,1-4,,1-1,,1-2,,1-3,,1-4,,1-1,,1-2,,1-3,,1-4,,1-1,,1-2,,1-3,,1-4,,1-1,,1-2,,1-3,,1-4,,1-1,,1-2,,1-3,,1-4,,1-1,,1-2,,1-3,,1-4,,1-1,,1-2,,1-3,,1-4,,1-1,,1-2,,1-3,,1-4,,1-1,,1-2,,1-3,,1-4,,1-1,,1-2,,1-3,,1-4,,1-1,,1-2,,1-3,,1-4,,1-1,,1-2,,1-3,,1-4,,1-1,,1-2,,1-3,,1-4,,1-1,,1-2,,1-3,,1-4,,1-1,,1-2,,1-3,,1-4,,1-1,,1-2,,1-3,,1-4,,1-1,,1-2,,1-3,,1-4,,1-1,,1-2,,1-3,,1-4,,1-1,,1-2,,1-3,,1-4,,1-1,,1-2,,1-3,,1-4,,1-1,,1-2,,1-3,,1-4,,1-1,,1-2,,1-3,,1-4,,1-1,,1-2,,1-3,,1-4,,1-1,,1-2,,1-3,,1-4,,1-1,,1-2,,1-3,,1-4,,1-1,,1-2,,1-3,,1-4,,1-1,,1-2,,1-3,,1-4,,1-1,,1-2,,1-3,,1-4,
,,주지 / 측지,주지,측지,주지,측지,주지,측지,주지,측지,주지,측지,주지,측지,주지,측지,주지,측지,주지,측지,주지,측지,주지,측지,주지,측지,주지,측지,주지,측지,주지,측지,주지,측지,주지,측지,주지,측지,주지,측지,주지,측지,주지,주지,주지,주지,주지,주지,주지,주지,주지,주지,주지,주지,주지,주지,주지,주지,주지,주지,주지,주지,주지,주지,주지,주지,주지,주지,주지,주지,주지,주지,측지,주지,측지,주지,측지,주지,측지,주지,측지,주지,측지,주지,측지,주지,측지,주지,측지,주지,측지,주지,측지,주지,측지,주지,측지,주지,측지,주지,측지,주지,측지,주지,측지,주지,측지,주지,측지,주지,측지,주지,측지,주지,측지,주지,측지,주지,측지,주지,측지,주지,측지,주지,측지,주지,측지,주지,측지,주지,측지,주지,측지,주지,측지,주지,측지,주지,측지,주지,측지,주지,측지,주지,측지,주지,측지,주지,측지,주지,측지,주지,측지,주지,측지,주지,측지,주지,측지,주지,측지,주지,측지,주지,측지,주지,측지,주지,측지,주지,측지,주지,측지,주지,측지,주지,측지,주지,측지,주지,측지,주지,측지,주지,측지,주지,측지,주지,측지,주지,측지,주지,측지,주지,측지,주지,측지,주지,측지,주지,측지,주지,측지,주지,측지,주지,측지,주지,측지,주지,측지,주지,측지,주지,측지,주지,측지,주지,측지,주지,측지,주지,측지,주지,측지,주지,측지,주지,측지,주지,측지,주지,측지,주지,측지,주지,측지,주지,측지,주지,측지,주지,측지,주지,측지,주지,측지,주지,측지,주지,측지,주지,측지,주지,측지,주지,측지,주지,측지,주지,측지,주지,측지,주지,측지,주지,측지,주지,측지,주지,측지,주지,측지,주지,측지,주지,측지,주지,측지,주지,측지,주지,측지,주지,측지,주지,측지,주지,측지,주지,측지,주지,측지,주지,측지,주지,측지,주지,측지,주지,측지,주지,측지,주지,측지,주지,측지,주지,측지,주지,측지,주지,측지,주지,측지,주지,측지,주지,측지,주지,측지,주지,측지,주지,측지,주지,측지,주지,측지,주지,측지,주지,측지,주지,측지,주지,측지,주지,측지,주지,측지,주지,측지,주지,측지,주지,측지,주지,측지,주지,측지,주지,측지,주지,측지,주지,측지,주지,측지,주지,측지,주지,측지,주지,측지,주지,측지,주지,측지,주지,측지,주지,측지,주지,측지,주지,측지,주지,측지,주지,측지,주지,측지,주지,측지,주지,측지,주지,측지,주지,측지,주지,측지,주지,측지,주지,측지,주지,측지,주지,측지,주지,측지,주지,측지,주지,측지,주지,측지,주지,측지,주지,측지,주지,측지,주지,측지,주지,측지,주지,측지,주지,측지,주지,측지,주지,측지,주지,측지,주지,측지,주지,측지,주지,측지,주지,측지,주지,측지,주지,측지,주지,측지,주지,측지,주지,측지,주지,측지,주지,측지,주지,측지,주지,측지,주지,측지,주지,측지,주지,측지,주지,측지,주지,측지,주지,측지,주지,측지,주지,측지,주지,측지,주지,측지,주지,측지,주지,측지,주지,측지,주지,측지,주지,측지,주지,측지,주지,측지,주지,측지,주지,측지,주지,측지,주지,측지,주지,측지,주지,측지,주지,측지,주지,측지,주지,측지,주지,측지,주지,측지,주지,측지,주지,측지,주지,측지,주지,측지,주지,측지,주지,측지,주지,측지,주지,측지,주지,측지,주지,측지,주지,측지,주지,측지,주지,측지,주지,측지,주지,측지,주지,측지,주지,측지,주지,측지,주지,측지,주지,측지,주지,측지,주지,측지,주지,측지,주지,측지,주지,측지,주지,측지,주지,측지,주지,측지,주지,측지,주지,측지,주지,측지,주지,측지,주지,측지,주지,측지,주지,측지,주지,측지,주지,측지,주지,측지,주지,측지,주지,측지,주지,측지,주지,측지,주지,측지,주지,측지,주지,측지,주지,측지,주지,측지,주지,측지,주지,측지,주지,측지,주지,측지,주지,측지,주지,측지,주지,측지,주지,측지,주지,측지,주지,측지,주지,측지,주지,측지,주지,측지,주지,측지,주지,측지,주지,측지,주지,측지,주지,측지,주지,측지,주지,측지,주지,측지,주지,측지,주지,측지,주지,측지,주지,측지,주지,측지,주지,측지,주지,측지,주지,측지,주지,측지,주지,측지,주지,측지,주지,측지,주지,측지,주지,측지,주지,측지,주지,측지,주지,측지,주지,측지,주지,측지,주지,측지,주지,측지,주지,측지,주지,측지,주지,측지,주지,측지,주지,측지,주지,측지,주지,측지,주지,측지,주지,측지,주지,측지,주지,측지,주지,측지,주지,측지,주지,측지,주지,측지,주지,측지,주지,측지,주지,측지,주지,측지,주지,측지,주지,측지,주지,측지,주지,측지,주지,측지,주지,측지,주지,측지,주지,측지,주지,측지,주지,측지,주지,측지,주지,측지,주지,측지,주지,측지,주지,측지,주지,측지,주지,측지,주지,측지,주지,측지,주지,측지,주지,측지,주지,측지,주지,측지,주지,측지,주지,측지,주지,측지,주지,측지,주지,측지,주지,측지,주지,측지,주지,측지,주지,측지,주지,측지,주지,측지,주지,측지,주지,측지,주지,측지,주지,측지,주지,측지,주지,측지,주지,측지,주지,측지,주지,측지,주지,측지,주지,측지,주지,측지,주지,측지,주지,측지,주지,측지,주지,측지,주지,측지,주지,측지,주지,측지,주지,측지,주지,측지,주지,측지,주지,측지,주지,측지,주지,측지,주지,측지,주지,측지,주지,측지,주지,측지,주지,측지,주지,측지,주지,측지,주지,측지,주지,측지,주지,측지
3-4,생육조사,주간 생장길이 (cm),,,,,,,,,,,,,,,,,,,,,,,,,,,,,,,,,,,,,,,,,,24.5,26.5,27,27,30,25,17,24,25,28,29,27,23,23,19.5,18,23,24.5,22,25,32,19,22.5,27,14,28,29,17,13,-,22,23,28,24,21,16,20,19,18,23,13,12,21,22,17,20,19,25,0,0,,,,,,,,,,,,,,,,,,,,,,,,,,,,,,,,,,,,,,,,,,,,,,,,,,,,,,,,,,,,,,,,,,,,,,,,,,,,,,,,,,,,,,,,,,,,,,,,,,,,,,,,,,,,,,,,,,,,,,,,,,,,,,,,,,,,,,,,,,,,,,,,,,,,,,,,,,,,,,,,,,,,,,,,,,,,,,,,,,,,,,,,,,,,,,,,,,,,,,,,,,,,,,,,,,,,,,,,,,,,,,,,,,,,,,,,,,,,,,,,,,,,,,,,,,,,,,,,,,,,,,,,,,,,,,,,,,,,,,,,,,,,,,,,,,,,,27.5,,,,,,,,29.5,,,,,,,,31.5,,,,,,,,34,,,,,,,,37,,,,,,,,,,,,,,,,,,,,,,,,,,,,,,,,,,,,,,,,,,,,,,,,,,,,,,,,,,,,,,,,,,,,,,,,,,,,,,,,,,,,,,,,,,,,,,,,,,,,,,,,29,,,,,,,,,,,,,,,,,,,,,,,,29,,,,,,,,34.5,,,,,,,,35,,,,,,,,28,,,,,,,,25,,,,,,,,,,,,,,,,,,,,,,,,,,,,,,,,,,,,,,,,,,,,,,,,,,,,,,,,,,,,,,,,,,,,,,,,,,,,,,,,,,,,,,,,,,,,,,,,,,,,,,,,,,,,,,,,,,,,,,,,,,,,,,,,,,,,,,,,,,,,,,,,,,,,,,,,,,,,,,,,,,,,,,,,,,,,,,,,,,,,,,,,,,,,,,,,,,,,,,,,,,,,,,,,,,,,,,,,,,,,,,,,,,,,,,,,,,,,,,,,,,,,,,,,,,,,,,,,,,,,,,,,,,,,,,,,,,,,,,,,,,,,,,,
,,잎의크기(엽장)  (cm) ,,,,,,,,,,,,,,,,,,,,,,,,,,,,,,,,,,,,,,,,,33.5,33,34,29,31.5,36,34,28.4,34,32,36,35,37,36,37,44,40,41,42,43,38,33,36,38,37,32,37,36,31,35,-,34,37,33,38,32,33,32,35,30,32,25,23,31,30,25,29,25,28,24,29,,,,,,,,,,,,,,,,,,,,,,,,,,,,,,,,,,,,,,,,,,,,,,,,,,,,,,,,,,,,,,,,,,,,,,,,,,,,,,,,,,,,,,,,,,,,,,,,,,,,,,,,,,,,,,,,,,,,,,,,,,,,,,,,,,,,,,,,,,,,,,,,,,,,,,,,,,,,,,,,,,,,,,,,,,,,,,,,,,,,,,,,,,,,,,,,,,,,,,,,,,,,,,,,,,,,,,,,,,,,,,,,,,,,,,,,,,,,,,,,,,,,,,,,,,,,,,,,,,,,,,,,,,,,,,,,,,,,,,,,,,,,,35.5,,,,,,,,55,,,,,,,,46,,,,,,,,43,,,,,,,,52,,,,,,,,52,,,,,,,,,,,,,,,,,,,,,,,,,,,,,,,,,,,,,,,,,,,,,,,,,,,,,,,,,,,,,,,,,,,,,,,,,,,,,,,,,,,,,,,,,,,,,,,,,,,,,,,,46,,,,,,,,,,,,,,,,,,,,,,,,43,,,,,,,,45.5,,,,,,,,45,,,,,,,,45,,,,,,,,47,,,,,,,,,,,,,,,,,,,,,,,,,,,,,,,,,,,,,,,,,,,,,,,,,,,,,,,,,,,,,,,,,,,,,,,,,,,,,,,,,,,,,,,,,,,,,,,,,,,,,,,,,,,,,,,,,,,,,,,,,,,,,,,,,,,,,,,,,,,,,,,,,,,,,,,,,,,,,,,,,,,,,,,,,,,,,,,,,,,,,,,,,,,,,,,,,,,,,,,,,,,,,,,,,,,,,,,,,,,,,,,,,,,,,,,,,,,,,,,,,,,,,,,,,,,,,,,,,,,,,,,,,,,,,,,,,,,,,,,,,,,,,,,
,,잎의크기(엽폭)  (cm)  ,,,,,,,,,,,,,,,,,,,,,,,,,,,,,,,,,,,,,,,,,24,26,38,24,30.3,39,27,20,29.5,27,34,27,30,33,32,37,39,40,37,46,30,25,27,35,34,25,23,28,25,26,-,24,28,29,33,23,24,24,28,21,29,17,16,24,24,19,20,14,18,17,22,,,,,,,,,,,,,,,,,,,,,,,,,,,,,,,,,,,,,,,,,,,,,,,,,,,,,,,,,,,,,,,,,,,,,,,,,,,,,,,,,,,,,,,,,,,,,,,,,,,,,,,,,,,,,,,,,,,,,,,,,,,,,,,,,,,,,,,,,,,,,,,,,,,,,,,,,,,,,,,,,,,,,,,,,,,,,,,,,,,,,,,,,,,,,,,,,,,,,,,,,,,,,,,,,,,,,,,,,,,,,,,,,,,,,,,,,,,,,,,,,,,,,,,,,,,,,,,,,,,,,,,,,,,,,,,,,,,,,,,,,,,,,20.4,,,,,,,,44,,,,,,,,31.7,,,,,,,,35,,,,,,,,41,,,,,,,,38,,,,,,,,,,,,,,,,,,,,,,,,,,,,,,,,,,,,,,,,,,,,,,,,,,,,,,,,,,,,,,,,,,,,,,,,,,,,,,,,,,,,,,,,,,,,,,,,,,,,,,,,46,,,,,,,,,,,,,,,,,,,,,,,,32.5,,,,,,,,35,,,,,,,,41,,,,,,,,37,,,,,,,,34,,,,,,,,,,,,,,,,,,,,,,,,,,,,,,,,,,,,,,,,,,,,,,,,,,,,,,,,,,,,,,,,,,,,,,,,,,,,,,,,,,,,,,,,,,,,,,,,,,,,,,,,,,,,,,,,,,,,,,,,,,,,,,,,,,,,,,,,,,,,,,,,,,,,,,,,,,,,,,,,,,,,,,,,,,,,,,,,,,,,,,,,,,,,,,,,,,,,,,,,,,,,,,,,,,,,,,,,,,,,,,,,,,,,,,,,,,,,,,,,,,,,,,,,,,,,,,,,,,,,,,,,,,,,,,,,,,,,,,,,,,,,,,,
,,줄기당 엽수 (매),,,,,,,,,,,,,,,,,,,,,,,,,,,,,,,,,,,,,,,,,12,17,21,17,23,24,23,25,27,28,31,26,23,23,24,24,21,20,22,23,19,20,21,18,19,17,17,15,12,12,14,14,17,16,18,16,17,16,17,16,18,16,18,15,19,19,22,20,21,22,18,,,,,,,,,,,,,,,,,,,,,,,,,,,,,,,,,,,,,,,,,,,,,,,,,,,,,,,,,,,,,,,,,,,,,,,,,,,,,,,,,,,,,,,,,,,,,,,,,,,,,,,,,,,,,,,,,,,,,,,,,,,,,,,,,,,,,,,,,,,,,,,,,,,,,,,,,,,,,,,,,,,,,,,,,,,,,,,,,,,,,,,,,,,,,,,,,,,,,,,,,,,,,,,,,,,,,,,,,,,,,,,,,,,,,,,,,,,,,,,,,,,,,,,,,,,,,,,,,,,,,,,,,,,,,,,,,,,,,,,,,,,,,17,,,,,,,,15,,,,,,,,17,,,,,,,,10,,,,,,,,10,,,,,,,,12,,,,,,,,,,,,,,,,,,,,,,,,,,,,,,,,,,,,,,,,,,,,,,,,,,,,,,,,,,,,,,,,,,,,,,,,,,,,,,,,,,,,,,,,,,,,,,,,,,,,,,,,20,,,,,,,,,,,,,,,,,,,,,,,,20,,,,,,,,21,,,,,,,,23,,,,,,,,23,,,,,,,,18,,,,,,,,,,,,,,,,,,,,,,,,,,,,,,,,,,,,,,,,,,,,,,,,,,,,,,,,,,,,,,,,,,,,,,,,,,,,,,,,,,,,,,,,,,,,,,,,,,,,,,,,,,,,,,,,,,,,,,,,,,,,,,,,,,,,,,,,,,,,,,,,,,,,,,,,,,,,,,,,,,,,,,,,,,,,,,,,,,,,,,,,,,,,,,,,,,,,,,,,,,,,,,,,,,,,,,,,,,,,,,,,,,,,,,,,,,,,,,,,,,,,,,,,,,,,,,,,,,,,,,,,,,,,,,,,,,,,,,,,,,,,,,,
,,줄기 굵기 (mm),,,,,,,,,,,,,,,,,,,,,,,,,,,,,,,,,,,,,,,,,8.9,11.7,11.2,13.4,11.33,10,10.78,10.2,9.16,10.1,10.27,10.51,12.2,9.3,9.03,10.72,11.97,9.86,10.49,13.1,11,10,10.2,11.06,10.49,8.36,10.62,10.14,9.2,9.64,-,8.62,11.78,8.13,12.08,8.88,10.15,7.25,9.77,7.83,10.66,8.33,8.64,6.33,7.86,7.19,7.34,7.11,9.28,6.9,8.05,,,,,,,,,,,,,,,,,,,,,,,,,,,,,,,,,,,,,,,,,,,,,,,,,,,,,,,,,,,,,,,,,,,,,,,,,,,,,,,,,,,,,,,,,,,,,,,,,,,,,,,,,,,,,,,,,,,,,,,,,,,,,,,,,,,,,,,,,,,,,,,,,,,,,,,,,,,,,,,,,,,,,,,,,,,,,,,,,,,,,,,,,,,,,,,,,,,,,,,,,,,,,,,,,,,,,,,,,,,,,,,,,,,,,,,,,,,,,,,,,,,,,,,,,,,,,,,,,,,,,,,,,,,,,,,,,,,,,,,,,,,,,9.6,,,,,,,,10.4,,,,,,,,10.4,,,,,,,,11.1,,,,,,,,10.7,,,,,,,,11.3,,,,,,,,,,,,,,,,,,,,,,,,,,,,,,,,,,,,,,,,,,,,,,,,,,,,,,,,,,,,,,,,,,,,,,,,,,,,,,,,,,,,,,,,,,,,,,,,,,,,,,,,12.3,,,,,,,,,,,,,,,,,,,,,,,,12.4,,,,,,,,13,,,,,,,,11.6,,,,,,,,13,,,,,,,,12.8,,,,,,,,,,,,,,,,,,,,,,,,,,,,,,,,,,,,,,,,,,,,,,,,,,,,,,,,,,,,,,,,,,,,,,,,,,,,,,,,,,,,,,,,,,,,,,,,,,,,,,,,,,,,,,,,,,,,,,,,,,,,,,,,,,,,,,,,,,,,,,,,,,,,,,,,,,,,,,,,,,,,,,,,,,,,,,,,,,,,,,,,,,,,,,,,,,,,,,,,,,,,,,,,,,,,,,,,,,,,,,,,,,,,,,,,,,,,,,,,,,,,,,,,,,,,,,,,,,,,,,,,,,,,,,,,,,,,,,,,,,,,,,,
,화방조사,개화 화방의 높이 (cm)    ,,,,,,,,,,,,,,,,,,,,,,,,,,,,,,,,,,,,,,,,,10.5,15.5,18.5,8.5,14,17,23.5,18,20,15,20,7,14,17,17,17,17,24,27,28,10,27,11,18,16,30,34,15,8,26,26,30,8,9,10,30,25,23,6,18,8,13,6,14,7,15,6,13,4,0,0,,,,,,,,,,,,,,,,,,,,,,,,,,,,,,,,,,,,,,,,,,,,,,,,,,,,,,,,,,,,,,,,,,,,,,,,,,,,,,,,,,,,,,,,,,,,,,,,,,,,,,,,,,,,,,,,,,,,,,,,,,,,,,,,,,,,,,,,,,,,,,,,,,,,,,,,,,,,,,,,,,,,,,,,,,,,,,,,,,,,,,,,,,,,,,,,,,,,,,,,,,,,,,,,,,,,,,,,,,,,,,,,,,,,,,,,,,,,,,,,,,,,,,,,,,,,,,,,,,,,,,,,,,,,,,,,,,,,,,,,,,,,,11,,,,,,,,12,,,,,,,,15.5,,,,,,,,19,,,,,,,,17.5,,,,,,,,21.5,,,,,,,,,,,,,,,,,,,,,,,,,,,,,,,,,,,,,,,,,,,,,,,,,,,,,,,,,,,,,,,,,,,,,,,,,,,,,,,,,,,,,,,,,,,,,,,,,,,,,,,,29.5,,,,,,,,,,,,,,,,,,,,,,,,10,,,,,,,,15,,,,,,,,17.5,,,,,,,,17.5,,,,,,,,16,,,,,,,,,,,,,,,,,,,,,,,,,,,,,,,,,,,,,,,,,,,,,,,,,,,,,,,,,,,,,,,,,,,,,,,,,,,,,,,,,,,,,,,,,,,,,,,,,,,,,,,,,,,,,,,,,,,,,,,,,,,,,,,,,,,,,,,,,,,,,,,,,,,,,,,,,,,,,,,,,,,,,,,,,,,,,,,,,,,,,,,,,,,,,,,,,,,,,,,,,,,,,,,,,,,,,,,,,,,,,,,,,,,,,,,,,,,,,,,,,,,,,,,,,,,,,,,,,,,,,,,,,,,,,,,,,,,,,,,,,,,,,,,
,,개화 화방의 길이(mm)   ,,,,,,,,,,,,,,,,,,,,,,,,,,,,,,,,,,,,,,,,,10,8,8,7,8,8,7,8,6,7,9,8,7,8,7,8,8,8,7,7,8,8,7,7.1,7.9,6.30,5,6.87,7.41,6.27,7.29,9.23,9.19,6.43,7.3,5.14,7.2,5.47,7.75,6.18,7.59,6.98,7.62,7.86,6.76,7.24,7.67,6.13,8.05,0,0,,,,,,,,,,,,,,,,,,,,,,,,,,,,,,,,,,,,,,,,,,,,,,,,,,,,,,,,,,,,,,,,,,,,,,,,,,,,,,,,,,,,,,,,,,,,,,,,,,,,,,,,,,,,,,,,,,,,,,,,,,,,,,,,,,,,,,,,,,,,,,,,,,,,,,,,,,,,,,,,,,,,,,,,,,,,,,,,,,,,,,,,,,,,,,,,,,,,,,,,,,,,,,,,,,,,,,,,,,,,,,,,,,,,,,,,,,,,,,,,,,,,,,,,,,,,,,,,,,,,,,,,,,,,,,,,,,,,,,,,,,,,,5,,,,,,,,4.5,,,,,,,,4,,,,,,,,6,,,,,,,,5.5,,,,,,,,4.6,,,,,,,,,,,,,,,,,,,,,,,,,,,,,,,,,,,,,,,,,,,,,,,,,,,,,,,,,,,,,,,,,,,,,,,,,,,,,,,,,,,,,,,,,,,,,,,,,,,,,,,,14.5,,,,,,,,,,,,,,,,,,,,,,,,5,,,,,,,,5,,,,,,,,8,,,,,,,,10,,,,,,,,9,,,,,,,,,,,,,,,,,,,,,,,,,,,,,,,,,,,,,,,,,,,,,,,,,,,,,,,,,,,,,,,,,,,,,,,,,,,,,,,,,,,,,,,,,,,,,,,,,,,,,,,,,,,,,,,,,,,,,,,,,,,,,,,,,,,,,,,,,,,,,,,,,,,,,,,,,,,,,,,,,,,,,,,,,,,,,,,,,,,,,,,,,,,,,,,,,,,,,,,,,,,,,,,,,,,,,,,,,,,,,,,,,,,,,,,,,,,,,,,,,,,,,,,,,,,,,,,,,,,,,,,,,,,,,,,,,,,,,,,,,,,,,,,
,,개화 화방       ,,,,,,,,,,,,,,,,,,,,,,,,,,,,,,,,,,,,,,,,,1.5,2.3,2.5,5.1,6.3,7,8.5,10,11.2,13,13.4,14.2,16.2,17.3,19,19.2,20.1,21.2,22.4,23.5,24.4,27.5,27.1,28.1,29.2,29.6,33.4,32.1,33.1,33.5,33.6,34.6,34.1,36.1,35.2,36.6,35.6,37.3,37.1,38.4,38.2,39.3,39.1,40.5,40.1,41.3,41.1,42.6,42.1,43,43,,,,,,,,,,,,,,,,,,,,,,,,,,,,,,,,,,,,,,,,,,,,,,,,,,,,,,,,,,,,,,,,,,,,,,,,,,,,,,,,,,,,,,,,,,,,,,,,,,,,,,,,,,,,,,,,,,,,,,,,,,,,,,,,,,,,,,,,,,,,,,,,,,,,,,,,,,,,,,,,,,,,,,,,,,,,,,,,,,,,,,,,,,,,,,,,,,,,,,,,,,,,,,,,,,,,,,,,,,,,,,,,,,,,,,,,,,,,,,,,,,,,,,,,,,,,,,,,,,,,,,,,,,,,,,,,,,,,,,,,,,,,,14.1,,,,,,,,15.1,,,,,,,,16.1,,,,,,,,17.3,,,,,,,,18.2,,,,,,,,19.25,,,,,,,,,,,,,,,,,,,,,,,,,,,,,,,,,,,,,,,,,,,,,,,,,,,,,,,,,,,,,,,,,,,,,,,,,,,,,,,,,,,,,,,,,,,,,,,,,,,,,,,,32,,,,,,,,,,,,,,,,,,,,,,,,35.25,,,,,,,,36.25,,,,,,,,37.5,,,,,,,,38.5,,,,,,,,39.5,,,,,,,,,,,,,,,,,,,,,,,,,,,,,,,,,,,,,,,,,,,,,,,,,,,,,,,,,,,,,,,,,,,,,,,,,,,,,,,,,,,,,,,,,,,,,,,,,,,,,,,,,,,,,,,,,,,,,,,,,,,,,,,,,,,,,,,,,,,,,,,,,,,,,,,,,,,,,,,,,,,,,,,,,,,,,,,,,,,,,,,,,,,,,,,,,,,,,,,,,,,,,,,,,,,,,,,,,,,,,,,,,,,,,,,,,,,,,,,,,,,,,,,,,,,,,,,,,,,,,,,,,,,,,,,,,,,,,,,,,,,,,,,
,,착과 화방 ,,,,,,,,,,,,,,,,,,,,,,,,,,,,,,,,,,,,,,,,,0,1.4,1.3,3.6,4.5,6,7.4,9,11,11.2,11.2,13.6,15.2,16.2,17.2,19.4,19.6,20.3,21.4,22.8,24,26.6,26.1,26.6,28.2,28.6,29.4,30.6,31.5,32.6,32.4,33.6,33.2,35.2,34.5,36.4,35.2,36.5,36.4,37.6,37.6,38.6,38.4,39.7,39.6,40.7,40.8,41.8,40.3,42,41,,,,,,,,,,,,,,,,,,,,,,,,,,,,,,,,,,,,,,,,,,,,,,,,,,,,,,,,,,,,,,,,,,,,,,,,,,,,,,,,,,,,,,,,,,,,,,,,,,,,,,,,,,,,,,,,,,,,,,,,,,,,,,,,,,,,,,,,,,,,,,,,,,,,,,,,,,,,,,,,,,,,,,,,,,,,,,,,,,,,,,,,,,,,,,,,,,,,,,,,,,,,,,,,,,,,,,,,,,,,,,,,,,,,,,,,,,,,,,,,,,,,,,,,,,,,,,,,,,,,,,,,,,,,,,,,,,,,,,,,,,,,,13.4,,,,,,,,14.1,,,,,,,,15.2,,,,,,,,16.8,,,,,,,,17.6,,,,,,,,18.75,,,,,,,,,,,,,,,,,,,,,,,,,,,,,,,,,,,,,,,,,,,,,,,,,,,,,,,,,,,,,,,,,,,,,,,,,,,,,,,,,,,,,,,,,,,,,,,,,,,,,,,,31,,,,,,,,,,,,,,,,,,,,,,,,34.5,,,,,,,,35.75,,,,,,,,36.5,,,,,,,,37.75,,,,,,,,38.5,,,,,,,,,,,,,,,,,,,,,,,,,,,,,,,,,,,,,,,,,,,,,,,,,,,,,,,,,,,,,,,,,,,,,,,,,,,,,,,,,,,,,,,,,,,,,,,,,,,,,,,,,,,,,,,,,,,,,,,,,,,,,,,,,,,,,,,,,,,,,,,,,,,,,,,,,,,,,,,,,,,,,,,,,,,,,,,,,,,,,,,,,,,,,,,,,,,,,,,,,,,,,,,,,,,,,,,,,,,,,,,,,,,,,,,,,,,,,,,,,,,,,,,,,,,,,,,,,,,,,,,,,,,,,,,,,,,,,,,,,,,,,,,
,,수확 화방 ,,,,,,,,,,,,,,,,,,,,,,,,,,,,,,,,,,,,,,,,,0,0,0,0,0,1,3,4,4,5,7,7,9,9,10,13,14,14,15,16,17,20,18,20,20,22,23,24,25,26,-,26,27,27,28,28,28,30,30,31,31,32,31,33,32,34,33,35,33,36,34,,,,,,,,,,,,,,,,,,,,,,,,,,,,,,,,,,,,,,,,,,,,,,,,,,,,,,,,,,,,,,,,,,,,,,,,,,,,,,,,,,,,,,,,,,,,,,,,,,,,,,,,,,,,,,,,,,,,,,,,,,,,,,,,,,,,,,,,,,,,,,,,,,,,,,,,,,,,,,,,,,,,,,,,,,,,,,,,,,,,,,,,,,,,,,,,,,,,,,,,,,,,,,,,,,,,,,,,,,,,,,,,,,,,,,,,,,,,,,,,,,,,,,,,,,,,,,,,,,,,,,,,,,,,,,,,,,,,,,,,,,,,,7,,,,,,,,8.8,,,,,,,,9.1,,,,,,,,10.2,,,,,,,,11.3,,,,,,,,12.75,,,,,,,,,,,,,,,,,,,,,,,,,,,,,,,,,,,,,,,,,,,,,,,,,,,,,,,,,,,,,,,,,,,,,,,,,,,,,,,,,,,,,,,,,,,,,,,,,,,,,,,,24,,,,,,,,,,,,,,,,,,,,,,,,27.75,,,,,,,,29,,,,,,,,30.25,,,,,,,,30.75,,,,,,,,32.5,,,,,,,,,,,,,,,,,,,,,,,,,,,,,,,,,,,,,,,,,,,,,,,,,,,,,,,,,,,,,,,,,,,,,,,,,,,,,,,,,,,,,,,,,,,,,,,,,,,,,,,,,,,,,,,,,,,,,,,,,,,,,,,,,,,,,,,,,,,,,,,,,,,,,,,,,,,,,,,,,,,,,,,,,,,,,,,,,,,,,,,,,,,,,,,,,,,,,,,,,,,,,,,,,,,,,,,,,,,,,,,,,,,,,,,,,,,,,,,,,,,,,,,,,,,,,,,,,,,,,,,,,,,,,,,,,,,,,,,,,,,,,,,
,,총 과일 수 ,,,,,,,,,,,,,,,,,,,,,,,,,,,,,,,,,,,,,,,,,0,3,8,17,23,22,35,30,32,32,26,25,28,42,43,53,62,67,66,64,73,82,77,68,72,62,68,80,78,74,8,74,58,70,46,85,61,75,57,76,62,75,83,70,82,60,76,67,82,60,81,,,,,,,,,,,,,,,,,,,,,,,,,,,,,,,,,,,,,,,,,,,,,,,,,,,,,,,,,,,,,,,,,,,,,,,,,,,,,,,,,,,,,,,,,,,,,,,,,,,,,,,,,,,,,,,,,,,,,,,,,,,,,,,,,,,,,,,,,,,,,,,,,,,,,,,,,,,,,,,,,,,,,,,,,,,,,,,,,,,,,,,,,,,,,,,,,,,,,,,,,,,,,,,,,,,,,,,,,,,,,,,,,,,,,,,,,,,,,,,,,,,,,,,,,,,,,,,,,,,,,,,,,,,,,,,,,,,,,,,,,,,,,40,,,,,,,,39,,,,,,,,49,,,,,,,,49,,,,,,,,44,,,,,,,,43,,,,,,,,,,,,,,,,,,,,,,,,,,,,,,,,,,,,,,,,,,,,,,,,,,,,,,,,,,,,,,,,,,,,,,,,,,,,,,,,,,,,,,,,,,,,,,,,,,,,,,,,52,,,,,,,,,,,,,,,,,,,,,,,,46,,,,,,,,45,,,,,,,,46,,,,,,,,52,,,,,,,,48,,,,,,,,,,,,,,,,,,,,,,,,,,,,,,,,,,,,,,,,,,,,,,,,,,,,,,,,,,,,,,,,,,,,,,,,,,,,,,,,,,,,,,,,,,,,,,,,,,,,,,,,,,,,,,,,,,,,,,,,,,,,,,,,,,,,,,,,,,,,,,,,,,,,,,,,,,,,,,,,,,,,,,,,,,,,,,,,,,,,,,,,,,,,,,,,,,,,,,,,,,,,,,,,,,,,,,,,,,,,,,,,,,,,,,,,,,,,,,,,,,,,,,,,,,,,,,,,,,,,,,,,,,,,,,,,,,,,,,,,,,,,,,,
,,,,,,,,,,,,,,,,,,,,,,,,,,,,,,,,,,,,,,,,,,,,,,,,,,,,,,,,,,,,,,,,,,,,,,,,,,,,,,,,,,,,,,,,,,,,,,,,,,,,,,,,,,,,,,,,,,,,,,,,,,,,,,,,,,,,,,,,,,,,,,,,,,,,,,,,,,,,,,,,,,,,,,,,,,,,,,,,,,,,,,,,,,,,,,,,,,,,,,,,,,,,,,,,,,,,,,,,,,,,,,,,,,,,,,,,,,,,,,,,,,,,,,,,,,,,,,,,,,,,,,,,,,,,,,,,,,,,,,,,,,,,,,,,,,,,,,,,,,,,,,,,,,,,,,,,,,,,,,,,,,,,,,,,,,,,,,,,,,,,,,,,,,,,,,,,,,,,,,,,,,,,,,,,,,,,,,,,,,,,,,,,,,,,,,,,,,,,,,,,,,,,,,,,,,,,,,,,,,,,,,,,,,,,,,,,,,,,,,,,,,,,,,,,,,,,,,,,,,,,,,,,,,,,,,,,,,,,,,,,,,,,,,,,,,,,,,,,,,,,,,,,,,,,,,,,,,,,,,,,,,,,,,,,,,,,,,,,,,,,,,,,,,,,,,,,,,,,,,,,,,,,,,,,,,,,,,,,,,,,,,,,,,,,,,,,,,,,,,,,,,,,,,,,,,,,,,,,,,,,,,,,,,,,,,,,,,,,,,,,,,,,,,,,,,,,,,,,,,,,,,,,,,,,,,,,,,,,,,,,,,,,,,,,,,,,,,,,,,,,,,,,,,,,,,,,,,,,,,,,,,,,,,,,,,,,,,,,,,,,,,,,,,,,,,,,,,,,,,,,,,,,,,,,,,,,,,,,,,,,,,,,,,,,,,,,,,,,,,,,,,,,,,,,,,,,,,,,,,,,,,,,,,,,,,,,,,,,,,,,,,,,,,,,,,,,,,,,,,,,,,,,,
토마지노,,작물 번호,2-1,,2-2,,2-3,,2-4,,2-1,,2-2,,2-3,,2-4,,2-1,,2-2,,2-3,,2-4,,2-1,,2-2,,2-3,,2-4,,2-1,,2-2,,2-3,,2-4,,2-1,2-1,2-1,2-1,2-1,2-1,2-1,2-1,2-1,2-1,2-1,2-1,2-1,2-1,2-1,2-1,2-1,2-1,2-1,2-1,2-1,2-1,2-1,2-1,2-1,2-1,2-1,2-1,2-1,2-1,2-2,2-1,2-2,2-1,2-2,2-1,2-2,2-1,2-2,2-1,2-2,2-1,2-2,2-1,2-2,2-1,2-2,2-1,2-2,2-1,2-2,2-1,2-2,2-1,2-2,2-1,2-2,2-1,2-2,2-1,2-2,2-1,2-2,2-1,,2-2,,2-3,,2-4,,2-1,,2-2,,2-3,,2-4,,2-1,,2-2,,2-3,,2-4,,2-1,,2-2,,2-3,,2-4,,2-1,,2-2,,2-3,,2-4,,2-1,,2-2,,2-3,,2-4,,2-1,,2-2,,2-3,,2-4,,2-1,,2-2,,2-3,,2-4,,2-1,,2-2,,2-3,,2-4,,2-1,,2-2,,2-3,,2-4,,2-1,,2-2,,2-3,,2-4,,2-1,,2-2,,2-3,,2-4,,2-1,,2-2,,2-3,,2-4,,2-1,,2-2,,2-3,,2-4,,2-1,,2-2,,2-3,,2-4,,2-1,,2-2,,2-3,,2-4,,2-1,,2-2,,2-3,,2-4,,2-1,,2-2,,2-3,,2-4,,2-1,,2-2,,2-3,,2-4,,2-1,,2-2,,2-3,,2-4,,2-1,,2-2,,2-3,,2-4,,2-1,,2-2,,2-3,,2-4,,2-1,,2-2,,2-3,,2-4,,2-1,,2-2,,2-3,,2-4,,2-1,,2-2,,2-3,,2-4,,2-1,,2-2,,2-3,,2-4,,2-1,,2-2,,2-3,,2-4,,2-1,,2-2,,2-3,,2-4,,2-1,,2-2,,2-3,,2-4,,2-1,,2-2,,2-3,,2-4,,2-1,,2-2,,2-3,,2-4,,2-1,,2-2,,2-3,,2-4,,2-1,,2-2,,2-3,,2-4,,2-1,,2-2,,2-3,,2-4,,2-1,,2-2,,2-3,,2-4,,2-1,,2-2,,2-3,,2-4,,2-1,,2-2,,2-3,,2-4,,2-1,,2-2,,2-3,,2-4,,2-1,,2-2,,2-3,,2-4,,2-1,,2-2,,2-3,,2-4,,2-1,,2-2,,2-3,,2-4,,2-1,,2-2,,2-3,,2-4,,2-1,,2-2,,2-3,,2-4,,2-1,,2-2,,2-3,,2-4,,2-1,,2-2,,2-3,,2-4,,2-1,,2-2,,2-3,,2-4,,2-1,,2-2,,2-3,,2-4,,2-1,,2-2,,2-3,,2-4,,2-1,,2-2,,2-3,,2-4,,2-1,,2-2,,2-3,,2-4,,2-1,,2-2,,2-3,,2-4,,2-1,,2-2,,2-3,,2-4,,2-1,,2-2,,2-3,,2-4,,2-1,,2-2,,2-3,,2-4,,2-1,,2-2,,2-3,,2-4,,2-1,,2-2,,2-3,,2-4,,2-1,,2-2,,2-3,,2-4,,2-1,,2-2,,2-3,,2-4,,2-1,,2-2,,2-3,,2-4,,2-1,,2-2,,2-3,,2-4,,2-1,,2-2,,2-3,,2-4,,2-1,,2-2,,2-3,,2-4,,2-1,,2-2,,2-3,,2-4,,2-1,,2-2,,2-3,,2-4,,2-1,,2-2,,2-3,,2-4,,2-1,,2-2,,2-3,,2-4,,2-1,,2-2,,2-3,,2-4,,2-1,,2-2,,2-3,,2-4,,2-1,,2-2,,2-3,,2-4,,2-1,,2-2,,2-3,,2-4,,2-1,,2-2,,2-3,,2-4,,2-1,,2-2,,2-3,,2-4,,2-1,,2-2,,2-3,,2-4,,2-1,,2-2,,2-3,,2-4,,2-1,,2-2,,2-3,,2-4,,2-1,,2-2,,2-3,,2-4,,2-1,,2-2,,2-3,,2-4,,2-1,,2-2,,2-3,,2-4,,2-1,,2-2,,2-3,,2-4,,2-1,,2-2,,2-3,,2-4,,2-1,,2-2,,2-3,,2-4,,2-1,,2-2,,2-3,,2-4,,2-1,,2-2,,2-3,,2-4,,2-1,,2-2,,2-3,,2-4,,2-1,,2-2,,2-3,,2-4,,2-1,,2-2,,2-3,,2-4,,2-1,,2-2,,2-3,,2-4,,2-1,,2-2,,2-3,,2-4,,2-1,,2-2,,2-3,,2-4,,2-1,,2-2,,2-3,,2-4,,2-1,,2-2,,2-3,,2-4,,2-1,,2-2,,2-3,,2-4,,2-1,,2-2,,2-3,,2-4,,2-1,,2-2,,2-3,,2-4,,2-1,,2-2,,2-3,,2-4,
,,주지 / 측지,주지,측지,주지,측지,주지,측지,주지,측지,주지,측지,주지,측지,주지,측지,주지,측지,주지,측지,주지,측지,주지,측지,주지,측지,주지,측지,주지,측지,주지,측지,주지,측지,주지,측지,주지,측지,주지,측지,주지,측지,주지,주지,주지,주지,주지,주지,주지,주지,주지,주지,주지,주지,주지,주지,주지,주지,주지,주지,주지,주지,주지,주지,주지,주지,주지,주지,주지,주지,주지,주지,측지,주지,측지,주지,측지,주지,측지,주지,측지,주지,측지,주지,측지,주지,측지,주지,측지,주지,측지,주지,측지,주지,측지,주지,측지,주지,측지,주지,측지,주지,측지,주지,측지,주지,측지,주지,측지,주지,측지,주지,측지,주지,측지,주지,측지,주지,측지,주지,측지,주지,측지,주지,측지,주지,측지,주지,측지,주지,측지,주지,측지,주지,측지,주지,측지,주지,측지,주지,측지,주지,측지,주지,측지,주지,측지,주지,측지,주지,측지,주지,측지,주지,측지,주지,측지,주지,측지,주지,측지,주지,측지,주지,측지,주지,측지,주지,측지,주지,측지,주지,측지,주지,측지,주지,측지,주지,측지,주지,측지,주지,측지,주지,측지,주지,측지,주지,측지,주지,측지,주지,측지,주지,측지,주지,측지,주지,측지,주지,측지,주지,측지,주지,측지,주지,측지,주지,측지,주지,측지,주지,측지,주지,측지,주지,측지,주지,측지,주지,측지,주지,측지,주지,측지,주지,측지,주지,측지,주지,측지,주지,측지,주지,측지,주지,측지,주지,측지,주지,측지,주지,측지,주지,측지,주지,측지,주지,측지,주지,측지,주지,측지,주지,측지,주지,측지,주지,측지,주지,측지,주지,측지,주지,측지,주지,측지,주지,측지,주지,측지,주지,측지,주지,측지,주지,측지,주지,측지,주지,측지,주지,측지,주지,측지,주지,측지,주지,측지,주지,측지,주지,측지,주지,측지,주지,측지,주지,측지,주지,측지,주지,측지,주지,측지,주지,측지,주지,측지,주지,측지,주지,측지,주지,측지,주지,측지,주지,측지,주지,측지,주지,측지,주지,측지,주지,측지,주지,측지,주지,측지,주지,측지,주지,측지,주지,측지,주지,측지,주지,측지,주지,측지,주지,측지,주지,측지,주지,측지,주지,측지,주지,측지,주지,측지,주지,측지,주지,측지,주지,측지,주지,측지,주지,측지,주지,측지,주지,측지,주지,측지,주지,측지,주지,측지,주지,측지,주지,측지,주지,측지,주지,측지,주지,측지,주지,측지,주지,측지,주지,측지,주지,측지,주지,측지,주지,측지,주지,측지,주지,측지,주지,측지,주지,측지,주지,측지,주지,측지,주지,측지,주지,측지,주지,측지,주지,측지,주지,측지,주지,측지,주지,측지,주지,측지,주지,측지,주지,측지,주지,측지,주지,측지,주지,측지,주지,측지,주지,측지,주지,측지,주지,측지,주지,측지,주지,측지,주지,측지,주지,측지,주지,측지,주지,측지,주지,측지,주지,측지,주지,측지,주지,측지,주지,측지,주지,측지,주지,측지,주지,측지,주지,측지,주지,측지,주지,측지,주지,측지,주지,측지,주지,측지,주지,측지,주지,측지,주지,측지,주지,측지,주지,측지,주지,측지,주지,측지,주지,측지,주지,측지,주지,측지,주지,측지,주지,측지,주지,측지,주지,측지,주지,측지,주지,측지,주지,측지,주지,측지,주지,측지,주지,측지,주지,측지,주지,측지,주지,측지,주지,측지,주지,측지,주지,측지,주지,측지,주지,측지,주지,측지,주지,측지,주지,측지,주지,측지,주지,측지,주지,측지,주지,측지,주지,측지,주지,측지,주지,측지,주지,측지,주지,측지,주지,측지,주지,측지,주지,측지,주지,측지,주지,측지,주지,측지,주지,측지,주지,측지,주지,측지,주지,측지,주지,측지,주지,측지,주지,측지,주지,측지,주지,측지,주지,측지,주지,측지,주지,측지,주지,측지,주지,측지,주지,측지,주지,측지,주지,측지,주지,측지,주지,측지,주지,측지,주지,측지,주지,측지,주지,측지,주지,측지,주지,측지,주지,측지,주지,측지,주지,측지,주지,측지,주지,측지,주지,측지,주지,측지,주지,측지,주지,측지,주지,측지,주지,측지,주지,측지,주지,측지,주지,측지,주지,측지,주지,측지,주지,측지,주지,측지,주지,측지,주지,측지,주지,측지,주지,측지,주지,측지,주지,측지,주지,측지,주지,측지,주지,측지,주지,측지,주지,측지,주지,측지,주지,측지,주지,측지,주지,측지,주지,측지,주지,측지,주지,측지,주지,측지,주지,측지,주지,측지,주지,측지,주지,측지,주지,측지,주지,측지,주지,측지,주지,측지,주지,측지,주지,측지,주지,측지,주지,측지,주지,측지,주지,측지,주지,측지,주지,측지,주지,측지,주지,측지,주지,측지,주지,측지,주지,측지,주지,측지,주지,측지,주지,측지,주지,측지,주지,측지,주지,측지,주지,측지,주지,측지,주지,측지,주지,측지,주지,측지,주지,측지,주지,측지,주지,측지,주지,측지,주지,측지,주지,측지,주지,측지,주지,측지,주지,측지,주지,측지,주지,측지,주지,측지,주지,측지,주지,측지,주지,측지,주지,측지,주지,측지,주지,측지,주지,측지,주지,측지,주지,측지,주지,측지,주지,측지,주지,측지,주지,측지,주지,측지,주지,측지,주지,측지,주지,측지,주지,측지,주지,측지,주지,측지,주지,측지,주지,측지,주지,측지,주지,측지,주지,측지,주지,측지,주지,측지,주지,측지,주지,측지,주지,측지,주지,측지,주지,측지,주지,측지,주지,측지,주지,측지,주지,측지,주지,측지,주지,측지,주지,측지
5-6,생육조사,주간 생장길이 (cm),,,,,,,,,,,,,,,,,,,,,,,,,,,,,,,,,,,,,,,,,,34.5,31,27.5,28,29,27,23,28,30,29,29,32,20,26,17.5,20,26,24,27,23,21.5,21,23,22,14,22,27,23,24,-,23,22,28,23,22,19,22,19,24,22,20,17,19,26,22,27,22,28,0,0,,,,,,,,,,,,,,,,,,,,,,,,,,,,,,,,,,,,,,,,,,,,,,,,,,,,,,,,,,,,,,,,,,,,,,,,,,,,,,,,,,,,,,,,,,,,,,,,,,,,,,,,,,,,,,,,,,,,,,,,,,,,,,,,,,,,,,,,,,,,,,,,,,,,,,,,,,,,,,,,,,,,,,,,,,,,,,,,,,,,,,,,,,,,,,,,,,,,,,,,,,,,,,,,,,,,,,,,,,,,,,,,,,,,,,,,,,,,,,,,,,,,,,,,,,,,,,,,,,,,,,,,,,,,,,,,,,,,,,,,,,,,,,,,,,,,,,,,,,,,,,,,,,,,,,,,,,,,,,,,,,,,,,,,,,,,,,,,,,,,,,,,,,,,,,,,,,,,,,,,,,,,,,,,,,,,,,,,,,,,,,,,,,,,,,,,,,,,,,,,,,,,,,,,,,,,,,,,,,,,,,,,,,,,,,,,,,,,,,,,,,,,,,,,,,,,,,,,,,,,,,,,,,,,,,,,,,,,,,,,,,,,,,,,,,,,,,,,,,,,,,,,,,,,,,,,,,,,,,,,,,,,,,,,,,,,,,,,,,,,,,,,,,,,,,,,,,,,,,,,,,,,,,,,,,,,,,,,,,,,,,,,,,,,,,,,,,,,,,,,,,,,,,,,,,,,,,,,,,,,,,,,,,,,,,,,,,,,,,,,,,,,,,,,,,,,,,,,,,,,,,,,,,,,,,,,,,,,,,,,,,,,,,,,,,,,,,,,,,,,,,,,,,,,,,,,,,,,,,,,,,,,,,,,,,,,,,,,,,,,,,,,,,,,,,,,,,,,,,,,,,,,,,,,,,,,
,,잎의크기(엽장)  (cm) ,,,,,,,,,,,,,,,,,,,,,,,,,,,,,,,,,,,,,,,,,33.4,34.5,32,34,36.7,34,27,29.5,30,32,37,36,42,36,40,39,40,33,34,36,36,32,32,28,31,28,34,37,40,34,-,37,36,40,35,37,36,38,35,35,34,28,30,30,34,29,41,33,36,32,18,,,,,,,,,,,,,,,,,,,,,,,,,,,,,,,,,,,,,,,,,,,,,,,,,,,,,,,,,,,,,,,,,,,,,,,,,,,,,,,,,,,,,,,,,,,,,,,,,,,,,,,,,,,,,,,,,,,,,,,,,,,,,,,,,,,,,,,,,,,,,,,,,,,,,,,,,,,,,,,,,,,,,,,,,,,,,,,,,,,,,,,,,,,,,,,,,,,,,,,,,,,,,,,,,,,,,,,,,,,,,,,,,,,,,,,,,,,,,,,,,,,,,,,,,,,,,,,,,,,,,,,,,,,,,,,,,,,,,,,,,,,,,,,,,,,,,,,,,,,,,,,,,,,,,,,,,,,,,,,,,,,,,,,,,,,,,,,,,,,,,,,,,,,,,,,,,,,,,,,,,,,,,,,,,,,,,,,,,,,,,,,,,,,,,,,,,,,,,,,,,,,,,,,,,,,,,,,,,,,,,,,,,,,,,,,,,,,,,,,,,,,,,,,,,,,,,,,,,,,,,,,,,,,,,,,,,,,,,,,,,,,,,,,,,,,,,,,,,,,,,,,,,,,,,,,,,,,,,,,,,,,,,,,,,,,,,,,,,,,,,,,,,,,,,,,,,,,,,,,,,,,,,,,,,,,,,,,,,,,,,,,,,,,,,,,,,,,,,,,,,,,,,,,,,,,,,,,,,,,,,,,,,,,,,,,,,,,,,,,,,,,,,,,,,,,,,,,,,,,,,,,,,,,,,,,,,,,,,,,,,,,,,,,,,,,,,,,,,,,,,,,,,,,,,,,,,,,,,,,,,,,,,,,,,,,,,,,,,,,,,,,,,,,,,,,,,,,,,,,,,,,,,,,,,,,,
,,잎의크기(엽폭)  (cm)  ,,,,,,,,,,,,,,,,,,,,,,,,,,,,,,,,,,,,,,,,,24,27,27,32,31,28,20,20,24,21,27,35,33,33,30,33,42,24,26,30,26,26,26,25,28,22,29,33,37,30,-,32,29,35,30,25,26,32,26,24,27,22,19,22,27,18,28,21,24,20,21,,,,,,,,,,,,,,,,,,,,,,,,,,,,,,,,,,,,,,,,,,,,,,,,,,,,,,,,,,,,,,,,,,,,,,,,,,,,,,,,,,,,,,,,,,,,,,,,,,,,,,,,,,,,,,,,,,,,,,,,,,,,,,,,,,,,,,,,,,,,,,,,,,,,,,,,,,,,,,,,,,,,,,,,,,,,,,,,,,,,,,,,,,,,,,,,,,,,,,,,,,,,,,,,,,,,,,,,,,,,,,,,,,,,,,,,,,,,,,,,,,,,,,,,,,,,,,,,,,,,,,,,,,,,,,,,,,,,,,,,,,,,,,,,,,,,,,,,,,,,,,,,,,,,,,,,,,,,,,,,,,,,,,,,,,,,,,,,,,,,,,,,,,,,,,,,,,,,,,,,,,,,,,,,,,,,,,,,,,,,,,,,,,,,,,,,,,,,,,,,,,,,,,,,,,,,,,,,,,,,,,,,,,,,,,,,,,,,,,,,,,,,,,,,,,,,,,,,,,,,,,,,,,,,,,,,,,,,,,,,,,,,,,,,,,,,,,,,,,,,,,,,,,,,,,,,,,,,,,,,,,,,,,,,,,,,,,,,,,,,,,,,,,,,,,,,,,,,,,,,,,,,,,,,,,,,,,,,,,,,,,,,,,,,,,,,,,,,,,,,,,,,,,,,,,,,,,,,,,,,,,,,,,,,,,,,,,,,,,,,,,,,,,,,,,,,,,,,,,,,,,,,,,,,,,,,,,,,,,,,,,,,,,,,,,,,,,,,,,,,,,,,,,,,,,,,,,,,,,,,,,,,,,,,,,,,,,,,,,,,,,,,,,,,,,,,,,,,,,,,,,,,,,,,,,,,
,,줄기당 엽수 (매),,,,,,,,,,,,,,,,,,,,,,,,,,,,,,,,,,,,,,,,,13,16,30,19,20,27,19,21,25,24,27,27,25,25,23,22,21,21,22,23,19,20,20,19,19,18,20,15,14,14,12,17,15,18,16,17,15,16,18,17,19,16,17,17,18,21,23,20,21,19,7.66,,,,,,,,,,,,,,,,,,,,,,,,,,,,,,,,,,,,,,,,,,,,,,,,,,,,,,,,,,,,,,,,,,,,,,,,,,,,,,,,,,,,,,,,,,,,,,,,,,,,,,,,,,,,,,,,,,,,,,,,,,,,,,,,,,,,,,,,,,,,,,,,,,,,,,,,,,,,,,,,,,,,,,,,,,,,,,,,,,,,,,,,,,,,,,,,,,,,,,,,,,,,,,,,,,,,,,,,,,,,,,,,,,,,,,,,,,,,,,,,,,,,,,,,,,,,,,,,,,,,,,,,,,,,,,,,,,,,,,,,,,,,,,,,,,,,,,,,,,,,,,,,,,,,,,,,,,,,,,,,,,,,,,,,,,,,,,,,,,,,,,,,,,,,,,,,,,,,,,,,,,,,,,,,,,,,,,,,,,,,,,,,,,,,,,,,,,,,,,,,,,,,,,,,,,,,,,,,,,,,,,,,,,,,,,,,,,,,,,,,,,,,,,,,,,,,,,,,,,,,,,,,,,,,,,,,,,,,,,,,,,,,,,,,,,,,,,,,,,,,,,,,,,,,,,,,,,,,,,,,,,,,,,,,,,,,,,,,,,,,,,,,,,,,,,,,,,,,,,,,,,,,,,,,,,,,,,,,,,,,,,,,,,,,,,,,,,,,,,,,,,,,,,,,,,,,,,,,,,,,,,,,,,,,,,,,,,,,,,,,,,,,,,,,,,,,,,,,,,,,,,,,,,,,,,,,,,,,,,,,,,,,,,,,,,,,,,,,,,,,,,,,,,,,,,,,,,,,,,,,,,,,,,,,,,,,,,,,,,,,,,,,,,,,,,,,,,,,,,,,,,,,,,,,,,,,
,,줄기 굵기 (mm),,,,,,,,,,,,,,,,,,,,,,,,,,,,,,,,,,,,,,,,,8.6,10.6,12.2,11.2,8,9.56,10.3,9.85,9.3,9,9.43,9.75,8.02,7.27,9.54,19.58,9.78,10.77,10.58,10.25,9,9,8.21,6.35,6.34,6.4,9.42,11.35,11.95,12.38,-,11.4,14.43,10.39,14.08,11.84,14.02,9.68,12.1,10.2,11.64,10.92,10.33,10.26,11.46,9.02,14.55,6.62,10.44,9.41,0,,,,,,,,,,,,,,,,,,,,,,,,,,,,,,,,,,,,,,,,,,,,,,,,,,,,,,,,,,,,,,,,,,,,,,,,,,,,,,,,,,,,,,,,,,,,,,,,,,,,,,,,,,,,,,,,,,,,,,,,,,,,,,,,,,,,,,,,,,,,,,,,,,,,,,,,,,,,,,,,,,,,,,,,,,,,,,,,,,,,,,,,,,,,,,,,,,,,,,,,,,,,,,,,,,,,,,,,,,,,,,,,,,,,,,,,,,,,,,,,,,,,,,,,,,,,,,,,,,,,,,,,,,,,,,,,,,,,,,,,,,,,,,,,,,,,,,,,,,,,,,,,,,,,,,,,,,,,,,,,,,,,,,,,,,,,,,,,,,,,,,,,,,,,,,,,,,,,,,,,,,,,,,,,,,,,,,,,,,,,,,,,,,,,,,,,,,,,,,,,,,,,,,,,,,,,,,,,,,,,,,,,,,,,,,,,,,,,,,,,,,,,,,,,,,,,,,,,,,,,,,,,,,,,,,,,,,,,,,,,,,,,,,,,,,,,,,,,,,,,,,,,,,,,,,,,,,,,,,,,,,,,,,,,,,,,,,,,,,,,,,,,,,,,,,,,,,,,,,,,,,,,,,,,,,,,,,,,,,,,,,,,,,,,,,,,,,,,,,,,,,,,,,,,,,,,,,,,,,,,,,,,,,,,,,,,,,,,,,,,,,,,,,,,,,,,,,,,,,,,,,,,,,,,,,,,,,,,,,,,,,,,,,,,,,,,,,,,,,,,,,,,,,,,,,,,,,,,,,,,,,,,,,,,,,,,,,,,,,,,,,,,,,,,,,,,,,,,,,,,,,,,,,,,,,,,
,화방조사,개화 화방의 높이 (cm),,,,,,,,,,,,,,,,,,,,,,,,,,,,,,,,,,,,,,,,,12.7,15,8.5,15.5,22.7,25,9.5,22,7,11,14,22,5,23,23,19,21,11,13,18,16,15,16,17.5,14,18,28.5,34,13,18,22,17,22,22,10,20,25,18,7,22,10,19,8,19,12,21,13,0,0,0,0,,,,,,,,,,,,,,,,,,,,,,,,,,,,,,,,,,,,,,,,,,,,,,,,,,,,,,,,,,,,,,,,,,,,,,,,,,,,,,,,,,,,,,,,,,,,,,,,,,,,,,,,,,,,,,,,,,,,,,,,,,,,,,,,,,,,,,,,,,,,,,,,,,,,,,,,,,,,,,,,,,,,,,,,,,,,,,,,,,,,,,,,,,,,,,,,,,,,,,,,,,,,,,,,,,,,,,,,,,,,,,,,,,,,,,,,,,,,,,,,,,,,,,,,,,,,,,,,,,,,,,,,,,,,,,,,,,,,,,,,,,,,,,,,,,,,,,,,,,,,,,,,,,,,,,,,,,,,,,,,,,,,,,,,,,,,,,,,,,,,,,,,,,,,,,,,,,,,,,,,,,,,,,,,,,,,,,,,,,,,,,,,,,,,,,,,,,,,,,,,,,,,,,,,,,,,,,,,,,,,,,,,,,,,,,,,,,,,,,,,,,,,,,,,,,,,,,,,,,,,,,,,,,,,,,,,,,,,,,,,,,,,,,,,,,,,,,,,,,,,,,,,,,,,,,,,,,,,,,,,,,,,,,,,,,,,,,,,,,,,,,,,,,,,,,,,,,,,,,,,,,,,,,,,,,,,,,,,,,,,,,,,,,,,,,,,,,,,,,,,,,,,,,,,,,,,,,,,,,,,,,,,,,,,,,,,,,,,,,,,,,,,,,,,,,,,,,,,,,,,,,,,,,,,,,,,,,,,,,,,,,,,,,,,,,,,,,,,,,,,,,,,,,,,,,,,,,,,,,,,,,,,,,,,,,,,,,,,,,,,,,,,,,,,,,,,,,,,,,,,,,,,,,,,,,,,
,,개화 화방의 길이(mm)   ,,,,,,,,,,,,,,,,,,,,,,,,,,,,,,,,,,,,,,,,,10,9,8,8,9,7,6,7,7,7,8,8,7,8,8,7,8,8,8,8,7,7,6.4,5.1,6.4,6.2,5.5,6.76,6.24,7.37,6.59,7.36,7.09,8.13,6.41,7.62,6.08,6.86,8.17,6.29,7.2,5.91,7.46,7.93,6.53,6.43,7.23,0,0,0,0,,,,,,,,,,,,,,,,,,,,,,,,,,,,,,,,,,,,,,,,,,,,,,,,,,,,,,,,,,,,,,,,,,,,,,,,,,,,,,,,,,,,,,,,,,,,,,,,,,,,,,,,,,,,,,,,,,,,,,,,,,,,,,,,,,,,,,,,,,,,,,,,,,,,,,,,,,,,,,,,,,,,,,,,,,,,,,,,,,,,,,,,,,,,,,,,,,,,,,,,,,,,,,,,,,,,,,,,,,,,,,,,,,,,,,,,,,,,,,,,,,,,,,,,,,,,,,,,,,,,,,,,,,,,,,,,,,,,,,,,,,,,,,,,,,,,,,,,,,,,,,,,,,,,,,,,,,,,,,,,,,,,,,,,,,,,,,,,,,,,,,,,,,,,,,,,,,,,,,,,,,,,,,,,,,,,,,,,,,,,,,,,,,,,,,,,,,,,,,,,,,,,,,,,,,,,,,,,,,,,,,,,,,,,,,,,,,,,,,,,,,,,,,,,,,,,,,,,,,,,,,,,,,,,,,,,,,,,,,,,,,,,,,,,,,,,,,,,,,,,,,,,,,,,,,,,,,,,,,,,,,,,,,,,,,,,,,,,,,,,,,,,,,,,,,,,,,,,,,,,,,,,,,,,,,,,,,,,,,,,,,,,,,,,,,,,,,,,,,,,,,,,,,,,,,,,,,,,,,,,,,,,,,,,,,,,,,,,,,,,,,,,,,,,,,,,,,,,,,,,,,,,,,,,,,,,,,,,,,,,,,,,,,,,,,,,,,,,,,,,,,,,,,,,,,,,,,,,,,,,,,,,,,,,,,,,,,,,,,,,,,,,,,,,,,,,,,,,,,,,,,,,,,,,,,,,
,,개화 화방       ,,,,,,,,,,,,,,,,,,,,,,,,,,,,,,,,,,,,,,,,,1.2,2.7,4.1,6,6.7,8,9.4,11,12.2,13.4,14.4,15.2,16.3,17.5,19.2,20.6,21.2,23.2,24.2,24.9,25.9,27.4,28.3,29.3,30.5,30.1,31,32.4,34.1,35.2,35.5,36.3,36.6,37.1,38.1,38.3,38.6,39.4,40.2,40.5,41.3,41.2,42.1,42.5,43.2,43.4,44.3,44,45,44,45,,,,,,,,,,,,,,,,,,,,,,,,,,,,,,,,,,,,,,,,,,,,,,,,,,,,,,,,,,,,,,,,,,,,,,,,,,,,,,,,,,,,,,,,,,,,,,,,,,,,,,,,,,,,,,,,,,,,,,,,,,,,,,,,,,,,,,,,,,,,,,,,,,,,,,,,,,,,,,,,,,,,,,,,,,,,,,,,,,,,,,,,,,,,,,,,,,,,,,,,,,,,,,,,,,,,,,,,,,,,,,,,,,,,,,,,,,,,,,,,,,,,,,,,,,,,,,,,,,,,,,,,,,,,,,,,,,,,,,,,,,,,,,,,,,,,,,,,,,,,,,,,,,,,,,,,,,,,,,,,,,,,,,,,,,,,,,,,,,,,,,,,,,,,,,,,,,,,,,,,,,,,,,,,,,,,,,,,,,,,,,,,,,,,,,,,,,,,,,,,,,,,,,,,,,,,,,,,,,,,,,,,,,,,,,,,,,,,,,,,,,,,,,,,,,,,,,,,,,,,,,,,,,,,,,,,,,,,,,,,,,,,,,,,,,,,,,,,,,,,,,,,,,,,,,,,,,,,,,,,,,,,,,,,,,,,,,,,,,,,,,,,,,,,,,,,,,,,,,,,,,,,,,,,,,,,,,,,,,,,,,,,,,,,,,,,,,,,,,,,,,,,,,,,,,,,,,,,,,,,,,,,,,,,,,,,,,,,,,,,,,,,,,,,,,,,,,,,,,,,,,,,,,,,,,,,,,,,,,,,,,,,,,,,,,,,,,,,,,,,,,,,,,,,,,,,,,,,,,,,,,,,,,,,,,,,,,,,,,,,,,,,,,,,,,,,,,,,,,,,,,,,,,,,,,,,
,,착과 화방 ,,,,,,,,,,,,,,,,,,,,,,,,,,,,,,,,,,,,,,,,,0,2,2.7,3.4,6,7.2,8.1,9.3,10.3,12.3,13.4,14.6,15.5,16.5,16,19.5,20.4,22.1,23.1,24.5,25.6,26.6,27.4,28.2,28.4,29,31,-,32.6,34.4,34,35.4,35.7,38.3,37.1,37.6,38.2,38.6,39.3,39,40.5,40.8,40.5,41.5,42.5,42.5,43.4,44.6,44.6,45,45,,,,,,,,,,,,,,,,,,,,,,,,,,,,,,,,,,,,,,,,,,,,,,,,,,,,,,,,,,,,,,,,,,,,,,,,,,,,,,,,,,,,,,,,,,,,,,,,,,,,,,,,,,,,,,,,,,,,,,,,,,,,,,,,,,,,,,,,,,,,,,,,,,,,,,,,,,,,,,,,,,,,,,,,,,,,,,,,,,,,,,,,,,,,,,,,,,,,,,,,,,,,,,,,,,,,,,,,,,,,,,,,,,,,,,,,,,,,,,,,,,,,,,,,,,,,,,,,,,,,,,,,,,,,,,,,,,,,,,,,,,,,,,,,,,,,,,,,,,,,,,,,,,,,,,,,,,,,,,,,,,,,,,,,,,,,,,,,,,,,,,,,,,,,,,,,,,,,,,,,,,,,,,,,,,,,,,,,,,,,,,,,,,,,,,,,,,,,,,,,,,,,,,,,,,,,,,,,,,,,,,,,,,,,,,,,,,,,,,,,,,,,,,,,,,,,,,,,,,,,,,,,,,,,,,,,,,,,,,,,,,,,,,,,,,,,,,,,,,,,,,,,,,,,,,,,,,,,,,,,,,,,,,,,,,,,,,,,,,,,,,,,,,,,,,,,,,,,,,,,,,,,,,,,,,,,,,,,,,,,,,,,,,,,,,,,,,,,,,,,,,,,,,,,,,,,,,,,,,,,,,,,,,,,,,,,,,,,,,,,,,,,,,,,,,,,,,,,,,,,,,,,,,,,,,,,,,,,,,,,,,,,,,,,,,,,,,,,,,,,,,,,,,,,,,,,,,,,,,,,,,,,,,,,,,,,,,,,,,,,,,,,,,,,,,,,,,,,,,,,,,,,,,,,,,,,
,,수확 화방 ,,,,,,,,,,,,,,,,,,,,,,,,,,,,,,,,,,,,,,,,,0,0,0,0,0,1,3,4,6,6,7,9,10,11,12,13,14,15,15,,19,20,20,21,22,23,24,25,27,27,-,28,30,30,31,30,32,32,32,32,33,33,33,35,35,36,36,37,37,37,38,,,,,,,,,,,,,,,,,,,,,,,,,,,,,,,,,,,,,,,,,,,,,,,,,,,,,,,,,,,,,,,,,,,,,,,,,,,,,,,,,,,,,,,,,,,,,,,,,,,,,,,,,,,,,,,,,,,,,,,,,,,,,,,,,,,,,,,,,,,,,,,,,,,,,,,,,,,,,,,,,,,,,,,,,,,,,,,,,,,,,,,,,,,,,,,,,,,,,,,,,,,,,,,,,,,,,,,,,,,,,,,,,,,,,,,,,,,,,,,,,,,,,,,,,,,,,,,,,,,,,,,,,,,,,,,,,,,,,,,,,,,,,,,,,,,,,,,,,,,,,,,,,,,,,,,,,,,,,,,,,,,,,,,,,,,,,,,,,,,,,,,,,,,,,,,,,,,,,,,,,,,,,,,,,,,,,,,,,,,,,,,,,,,,,,,,,,,,,,,,,,,,,,,,,,,,,,,,,,,,,,,,,,,,,,,,,,,,,,,,,,,,,,,,,,,,,,,,,,,,,,,,,,,,,,,,,,,,,,,,,,,,,,,,,,,,,,,,,,,,,,,,,,,,,,,,,,,,,,,,,,,,,,,,,,,,,,,,,,,,,,,,,,,,,,,,,,,,,,,,,,,,,,,,,,,,,,,,,,,,,,,,,,,,,,,,,,,,,,,,,,,,,,,,,,,,,,,,,,,,,,,,,,,,,,,,,,,,,,,,,,,,,,,,,,,,,,,,,,,,,,,,,,,,,,,,,,,,,,,,,,,,,,,,,,,,,,,,,,,,,,,,,,,,,,,,,,,,,,,,,,,,,,,,,,,,,,,,,,,,,,,,,,,,,,,,,,,,,,,,,,,,,,,,,,,,
,,총 과일 수 ,,,,,,,,,,,,,,,,,,,,,,,,,,,,,,,,,,,,,,,,,0,6,13,16,31,27,34,36,29,40,47,46,47,55,40,38,43,48,55,65,77,85,83,87,62,56,43,28,24,36,18,46,48,51,56,58,62,76,68,84,82,96,93,92,85,95,84,84,84,92,81,,,,,,,,,,,,,,,,,,,,,,,,,,,,,,,,,,,,,,,,,,,,,,,,,,,,,,,,,,,,,,,,,,,,,,,,,,,,,,,,,,,,,,,,,,,,,,,,,,,,,,,,,,,,,,,,,,,,,,,,,,,,,,,,,,,,,,,,,,,,,,,,,,,,,,,,,,,,,,,,,,,,,,,,,,,,,,,,,,,,,,,,,,,,,,,,,,,,,,,,,,,,,,,,,,,,,,,,,,,,,,,,,,,,,,,,,,,,,,,,,,,,,,,,,,,,,,,,,,,,,,,,,,,,,,,,,,,,,,,,,,,,,,,,,,,,,,,,,,,,,,,,,,,,,,,,,,,,,,,,,,,,,,,,,,,,,,,,,,,,,,,,,,,,,,,,,,,,,,,,,,,,,,,,,,,,,,,,,,,,,,,,,,,,,,,,,,,,,,,,,,,,,,,,,,,,,,,,,,,,,,,,,,,,,,,,,,,,,,,,,,,,,,,,,,,,,,,,,,,,,,,,,,,,,,,,,,,,,,,,,,,,,,,,,,,,,,,,,,,,,,,,,,,,,,,,,,,,,,,,,,,,,,,,,,,,,,,,,,,,,,,,,,,,,,,,,,,,,,,,,,,,,,,,,,,,,,,,,,,,,,,,,,,,,,,,,,,,,,,,,,,,,,,,,,,,,,,,,,,,,,,,,,,,,,,,,,,,,,,,,,,,,,,,,,,,,,,,,,,,,,,,,,,,,,,,,,,,,,,,,,,,,,,,,,,,,,,,,,,,,,,,,,,,,,,,,,,,,,,,,,,,,,,,,,,,,,,,,,,,,,,,,,,,,,,,,,,,,,,,,,,,,,,,,,,,
,,,,,,,,,,,,,,,,,,,,,,,,,,,,,,,,,,,,,,,,,,,,,,,,,,,,,,,,,,,,,,,,,,,,,,,,,,,,,,,,,,,,,,,,,,,,,,,,,,,,,,,,,,,,,,,,,,,,,,,,,,,,,,,,,,,,,,,,,,,,,,,,,,,,,,,,,,,,,,,,,,,,,,,,,,,,,,,,,,,,,,,,,,,,,,,,,,,,,,,,,,,,,,,,,,,,,,,,,,,,,,,,,,,,,,,,,,,,,,,,,,,,,,,,,,,,,,,,,,,,,,,,,,,,,,,,,,,,,,,,,,,,,,,,,,,,,,,,,,,,,,,,,,,,,,,,,,,,,,,,,,,,,,,,,,,,,,,,,,,,,,,,,,,,,,,,,,,,,,,,,,,,,,,,,,,,,,,,,,,,,,,,,,,,,,,,,,,,,,,,,,,,,,,,,,,,,,,,,,,,,,,,,,,,,,,,,,,,,,,,,,,,,,,,,,,,,,,,,,,,,,,,,,,,,,,,,,,,,,,,,,,,,,,,,,,,,,,,,,,,,,,,,,,,,,,,,,,,,,,,,,,,,,,,,,,,,,,,,,,,,,,,,,,,,,,,,,,,,,,,,,,,,,,,,,,,,,,,,,,,,,,,,,,,,,,,,,,,,,,,,,,,,,,,,,,,,,,,,,,,,,,,,,,,,,,,,,,,,,,,,,,,,,,,,,,,,,,,,,,,,,,,,,,,,,,,,,,,,,,,,,,,,,,,,,,,,,,,,,,,,,,,,,,,,,,,,,,,,,,,,,,,,,,,,,,,,,,,,,,,,,,,,,,,,,,,,,,,,,,,,,,,,,,,,,,,,,,,,,,,,,,,,,,,,,,,,,,,,,,,,,,,,,,,,,,,,,,,,,,,,,,,,,,,,,,,,,,,,,,,,,,,,,,,,,,,,,,,,,,,,,,,,
토마지노,,작물 번호,3-1,,3-2,,3-3,,3-4,,3-1,,3-2,,3-3,,3-4,,3-1,,3-2,,3-3,,3-4,,3-1,,3-2,,3-3,,3-4,,3-1,,3-2,,3-3,,3-4,,3-1,3-1,3-1,3-1,3-1,3-1,3-1,3-1,3-1,3-1,3-1,3-1,3-1,3-1,3-1,3-1,3-1,3-1,3-1,3-1,3-1,3-1,3-1,3-1,3-1,3-1,3-1,3-1,3-1,3-1,3-2,3-1,3-2,3-1,3-2,3-1,3-2,3-1,3-2,3-1,3-2,3-1,3-2,3-1,3-2,3-1,3-2,3-1,3-2,3-1,3-2,3-1,3-2,3-1,3-2,3-1,3-2,3-1,3-2,3-1,3-2,3-1,3-2,3-1,,3-2,,3-3,,3-4,,3-1,,3-2,,3-3,,3-4,,3-1,,3-2,,3-3,,3-4,,3-1,,3-2,,3-3,,3-4,,3-1,,3-2,,3-3,,3-4,,3-1,,3-2,,3-3,,3-4,,3-1,,3-2,,3-3,,3-4,,3-1,,3-2,,3-3,,3-4,,3-1,,3-2,,3-3,,3-4,,3-1,,3-2,,3-3,,3-4,,3-1,,3-2,,3-3,,3-4,,3-1,,3-2,,3-3,,3-4,,3-1,,3-2,,3-3,,3-4,,3-1,,3-2,,3-3,,3-4,,3-1,,3-2,,3-3,,3-4,,3-1,,3-2,,3-3,,3-4,,3-1,,3-2,,3-3,,3-4,,3-1,,3-2,,3-3,,3-4,,3-1,,3-2,,3-3,,3-4,,3-1,,3-2,,3-3,,3-4,,3-1,,3-2,,3-3,,3-4,,3-1,,3-2,,3-3,,3-4,,3-1,,3-2,,3-3,,3-4,,3-1,,3-2,,3-3,,3-4,,3-1,,3-2,,3-3,,3-4,,3-1,,3-2,,3-3,,3-4,,3-1,,3-2,,3-3,,3-4,,3-1,,3-2,,3-3,,3-4,,3-1,,3-2,,3-3,,3-4,,3-1,,3-2,,3-3,,3-4,,3-1,,3-2,,3-3,,3-4,,3-1,,3-2,,3-3,,3-4,,3-1,,3-2,,3-3,,3-4,,3-1,,3-2,,3-3,,3-4,,3-1,,3-2,,3-3,,3-4,,3-1,,3-2,,3-3,,3-4,,3-1,,3-2,,3-3,,3-4,,3-1,,3-2,,3-3,,3-4,,3-1,,3-2,,3-3,,3-4,,3-1,,3-2,,3-3,,3-4,,3-1,,3-2,,3-3,,3-4,,3-1,,3-2,,3-3,,3-4,,3-1,,3-2,,3-3,,3-4,,3-1,,3-2,,3-3,,3-4,,3-1,,3-2,,3-3,,3-4,,3-1,,3-2,,3-3,,3-4,,3-1,,3-2,,3-3,,3-4,,3-1,,3-2,,3-3,,3-4,,3-1,,3-2,,3-3,,3-4,,3-1,,3-2,,3-3,,3-4,,3-1,,3-2,,3-3,,3-4,,3-1,,3-2,,3-3,,3-4,,3-1,,3-2,,3-3,,3-4,,3-1,,3-2,,3-3,,3-4,,3-1,,3-2,,3-3,,3-4,,3-1,,3-2,,3-3,,3-4,,3-1,,3-2,,3-3,,3-4,,3-1,,3-2,,3-3,,3-4,,3-1,,3-2,,3-3,,3-4,,3-1,,3-2,,3-3,,3-4,,3-1,,3-2,,3-3,,3-4,,3-1,,3-2,,3-3,,3-4,,3-1,,3-2,,3-3,,3-4,,3-1,,3-2,,3-3,,3-4,,3-1,,3-2,,3-3,,3-4,,3-1,,3-2,,3-3,,3-4,,3-1,,3-2,,3-3,,3-4,,3-1,,3-2,,3-3,,3-4,,3-1,,3-2,,3-3,,3-4,,3-1,,3-2,,3-3,,3-4,,3-1,,3-2,,3-3,,3-4,,3-1,,3-2,,3-3,,3-4,,3-1,,3-2,,3-3,,3-4,,3-1,,3-2,,3-3,,3-4,,3-1,,3-2,,3-3,,3-4,,3-1,,3-2,,3-3,,3-4,,3-1,,3-2,,3-3,,3-4,,3-1,,3-2,,3-3,,3-4,,3-1,,3-2,,3-3,,3-4,,3-1,,3-2,,3-3,,3-4,,3-1,,3-2,,3-3,,3-4,,3-1,,3-2,,3-3,,3-4,,3-1,,3-2,,3-3,,3-4,,3-1,,3-2,,3-3,,3-4,,3-1,,3-2,,3-3,,3-4,,3-1,,3-2,,3-3,,3-4,,3-1,,3-2,,3-3,,3-4,,3-1,,3-2,,3-3,,3-4,,3-1,,3-2,,3-3,,3-4,,3-1,,3-2,,3-3,,3-4,,3-1,,3-2,,3-3,,3-4,,3-1,,3-2,,3-3,,3-4,,3-1,,3-2,,3-3,,3-4,,3-1,,3-2,,3-3,,3-4,,3-1,,3-2,,3-3,,3-4,
,,주지 / 측지,주지,측지,주지,측지,주지,측지,주지,측지,주지,측지,주지,측지,주지,측지,주지,측지,주지,측지,주지,측지,주지,측지,주지,측지,주지,측지,주지,측지,주지,측지,주지,측지,주지,측지,주지,측지,주지,측지,주지,측지,주지,주지,주지,주지,주지,주지,주지,주지,주지,주지,주지,주지,주지,주지,주지,주지,주지,주지,주지,주지,주지,주지,주지,주지,주지,주지,주지,주지,주지,주지,측지,주지,측지,주지,측지,주지,측지,주지,측지,주지,측지,주지,측지,주지,측지,주지,측지,주지,측지,주지,측지,주지,측지,주지,측지,주지,측지,주지,측지,주지,측지,주지,측지,주지,측지,주지,측지,주지,측지,주지,측지,주지,측지,주지,측지,주지,측지,주지,측지,주지,측지,주지,측지,주지,측지,주지,측지,주지,측지,주지,측지,주지,측지,주지,측지,주지,측지,주지,측지,주지,측지,주지,측지,주지,측지,주지,측지,주지,측지,주지,측지,주지,측지,주지,측지,주지,측지,주지,측지,주지,측지,주지,측지,주지,측지,주지,측지,주지,측지,주지,측지,주지,측지,주지,측지,주지,측지,주지,측지,주지,측지,주지,측지,주지,측지,주지,측지,주지,측지,주지,측지,주지,측지,주지,측지,주지,측지,주지,측지,주지,측지,주지,측지,주지,측지,주지,측지,주지,측지,주지,측지,주지,측지,주지,측지,주지,측지,주지,측지,주지,측지,주지,측지,주지,측지,주지,측지,주지,측지,주지,측지,주지,측지,주지,측지,주지,측지,주지,측지,주지,측지,주지,측지,주지,측지,주지,측지,주지,측지,주지,측지,주지,측지,주지,측지,주지,측지,주지,측지,주지,측지,주지,측지,주지,측지,주지,측지,주지,측지,주지,측지,주지,측지,주지,측지,주지,측지,주지,측지,주지,측지,주지,측지,주지,측지,주지,측지,주지,측지,주지,측지,주지,측지,주지,측지,주지,측지,주지,측지,주지,측지,주지,측지,주지,측지,주지,측지,주지,측지,주지,측지,주지,측지,주지,측지,주지,측지,주지,측지,주지,측지,주지,측지,주지,측지,주지,측지,주지,측지,주지,측지,주지,측지,주지,측지,주지,측지,주지,측지,주지,측지,주지,측지,주지,측지,주지,측지,주지,측지,주지,측지,주지,측지,주지,측지,주지,측지,주지,측지,주지,측지,주지,측지,주지,측지,주지,측지,주지,측지,주지,측지,주지,측지,주지,측지,주지,측지,주지,측지,주지,측지,주지,측지,주지,측지,주지,측지,주지,측지,주지,측지,주지,측지,주지,측지,주지,측지,주지,측지,주지,측지,주지,측지,주지,측지,주지,측지,주지,측지,주지,측지,주지,측지,주지,측지,주지,측지,주지,측지,주지,측지,주지,측지,주지,측지,주지,측지,주지,측지,주지,측지,주지,측지,주지,측지,주지,측지,주지,측지,주지,측지,주지,측지,주지,측지,주지,측지,주지,측지,주지,측지,주지,측지,주지,측지,주지,측지,주지,측지,주지,측지,주지,측지,주지,측지,주지,측지,주지,측지,주지,측지,주지,측지,주지,측지,주지,측지,주지,측지,주지,측지,주지,측지,주지,측지,주지,측지,주지,측지,주지,측지,주지,측지,주지,측지,주지,측지,주지,측지,주지,측지,주지,측지,주지,측지,주지,측지,주지,측지,주지,측지,주지,측지,주지,측지,주지,측지,주지,측지,주지,측지,주지,측지,주지,측지,주지,측지,주지,측지,주지,측지,주지,측지,주지,측지,주지,측지,주지,측지,주지,측지,주지,측지,주지,측지,주지,측지,주지,측지,주지,측지,주지,측지,주지,측지,주지,측지,주지,측지,주지,측지,주지,측지,주지,측지,주지,측지,주지,측지,주지,측지,주지,측지,주지,측지,주지,측지,주지,측지,주지,측지,주지,측지,주지,측지,주지,측지,주지,측지,주지,측지,주지,측지,주지,측지,주지,측지,주지,측지,주지,측지,주지,측지,주지,측지,주지,측지,주지,측지,주지,측지,주지,측지,주지,측지,주지,측지,주지,측지,주지,측지,주지,측지,주지,측지,주지,측지,주지,측지,주지,측지,주지,측지,주지,측지,주지,측지,주지,측지,주지,측지,주지,측지,주지,측지,주지,측지,주지,측지,주지,측지,주지,측지,주지,측지,주지,측지,주지,측지,주지,측지,주지,측지,주지,측지,주지,측지,주지,측지,주지,측지,주지,측지,주지,측지,주지,측지,주지,측지,주지,측지,주지,측지,주지,측지,주지,측지,주지,측지,주지,측지,주지,측지,주지,측지,주지,측지,주지,측지,주지,측지,주지,측지,주지,측지,주지,측지,주지,측지,주지,측지,주지,측지,주지,측지,주지,측지,주지,측지,주지,측지,주지,측지,주지,측지,주지,측지,주지,측지,주지,측지,주지,측지,주지,측지,주지,측지,주지,측지,주지,측지,주지,측지,주지,측지,주지,측지,주지,측지,주지,측지,주지,측지,주지,측지,주지,측지,주지,측지,주지,측지,주지,측지,주지,측지,주지,측지,주지,측지,주지,측지,주지,측지,주지,측지,주지,측지,주지,측지,주지,측지,주지,측지,주지,측지,주지,측지,주지,측지,주지,측지,주지,측지,주지,측지,주지,측지,주지,측지,주지,측지,주지,측지,주지,측지,주지,측지,주지,측지,주지,측지,주지,측지,주지,측지,주지,측지,주지,측지,주지,측지,주지,측지,주지,측지,주지,측지,주지,측지,주지,측지,주지,측지,주지,측지,주지,측지,주지,측지,주지,측지,주지,측지,주지,측지,주지,측지,주지,측지,주지,측지,주지,측지,주지,측지,주지,측지,주지,측지,주지,측지,주지,측지
8-9,생육조사,주간 생장길이 (cm),,,,,,,,,,,,,,,,,,,,,,,,,,,,,,,,,,,,,,,,,,28,28.5,27,36,25.5,27,28.5,29,27,28,31,29,23,25,19.5,23,23.5,23,23.5,24,28,23,28,29.5,14,25,22,19,24,-,23,22,22,26,18,23,21,24,25,30,14,17,19,22,21,14,24,7,0,0,,,,,,,,,,,,,,,,,,,,,,,,,,,,,,,,,,,,,,,,,,,,,,,,,,,,,,,,,,,,,,,,,,,,,,,,,,,,,,,,,,,,,,,,,,,,,,,,,,,,,,,,,,,,,,,,,,,,,,,,,,,,,,,,,,,,,,,,,,,,,,,,,,,,,,,,,,,,,,,,,,,,,,,,,,,,,,,,,,,,,,,,,,,,,,,,,,,,,,,,,,,,,,,,,,,,,,,,,,,,,,,,,,,,,,,,,,,,,,,,,,,,,,,,,,,,,,,,,,,,,,,,,,,,,,,,,,,,,,,,,,,,,,,,,,,,,,,,,,,,,,,,,,,,,,,,,,,,,,,,,,,,,,,,,,,,,,,,,,,,,,,,,,,,,,,,,,,,,,,,,,,,,,,,,,,,,,,,,,,,,,,,,,,,,,,,,,,,,,,,,,,,,,,,,,,,,,,,,,,,,,,,,,,,,,,,,,,,,,,,,,,,,,,,,,,,,,,,,,,,,,,,,,,,,,,,,,,,,,,,,,,,,,,,,,,,,,,,,,,,,,,,,,,,,,,,,,,,,,,,,,,,,,,,,,,,,,,,,,,,,,,,,,,,,,,,,,,,,,,,,,,,,,,,,,,,,,,,,,,,,,,,,,,,,,,,,,,,,,,,,,,,,,,,,,,,,,,,,,,,,,,,,,,,,,,,,,,,,,,,,,,,,,,,,,,,,,,,,,,,,,,,,,,,,,,,,,,,,,,,,,,,,,,,,,,,,,,,,,,,,,,,,,,,,,,,,,,,,,,,,,,,,,,,,,,,,,,,,,,,,,,,,,,,,,,,,,,,,,,,,,,,,,,,,,,,
,,잎의크기(엽장)  (cm) ,,,,,,,,,,,,,,,,,,,,,,,,,,,,,,,,,,,,,,,,,36,33.5,39,29,35,37,35,37.5,34,35,41,43,44,40,42,44,43,35,39,39,38,39,36,37,38,31,38,41,36,35,-,39,39,37,40,36,37,35,36,31,32,34,30,33,28,29,22,27,23,22,23,,,,,,,,,,,,,,,,,,,,,,,,,,,,,,,,,,,,,,,,,,,,,,,,,,,,,,,,,,,,,,,,,,,,,,,,,,,,,,,,,,,,,,,,,,,,,,,,,,,,,,,,,,,,,,,,,,,,,,,,,,,,,,,,,,,,,,,,,,,,,,,,,,,,,,,,,,,,,,,,,,,,,,,,,,,,,,,,,,,,,,,,,,,,,,,,,,,,,,,,,,,,,,,,,,,,,,,,,,,,,,,,,,,,,,,,,,,,,,,,,,,,,,,,,,,,,,,,,,,,,,,,,,,,,,,,,,,,,,,,,,,,,,,,,,,,,,,,,,,,,,,,,,,,,,,,,,,,,,,,,,,,,,,,,,,,,,,,,,,,,,,,,,,,,,,,,,,,,,,,,,,,,,,,,,,,,,,,,,,,,,,,,,,,,,,,,,,,,,,,,,,,,,,,,,,,,,,,,,,,,,,,,,,,,,,,,,,,,,,,,,,,,,,,,,,,,,,,,,,,,,,,,,,,,,,,,,,,,,,,,,,,,,,,,,,,,,,,,,,,,,,,,,,,,,,,,,,,,,,,,,,,,,,,,,,,,,,,,,,,,,,,,,,,,,,,,,,,,,,,,,,,,,,,,,,,,,,,,,,,,,,,,,,,,,,,,,,,,,,,,,,,,,,,,,,,,,,,,,,,,,,,,,,,,,,,,,,,,,,,,,,,,,,,,,,,,,,,,,,,,,,,,,,,,,,,,,,,,,,,,,,,,,,,,,,,,,,,,,,,,,,,,,,,,,,,,,,,,,,,,,,,,,,,,,,,,,,,,,,,,,,,,,,,,,,,,,,,,,,,,,,,,,,,,,,,
,,잎의크기(엽폭)  (cm)  ,,,,,,,,,,,,,,,,,,,,,,,,,,,,,,,,,,,,,,,,,21.5,25.5,34,24,29,36,27,34,25,28,30,41,36,36,36,42,43,26,30,33,31,32,25,30,34,22,32,38,25,24,-,30,30,29,37,30,25,25,27,28,22,23,19,27,20,18,15,16,15,14,19,,,,,,,,,,,,,,,,,,,,,,,,,,,,,,,,,,,,,,,,,,,,,,,,,,,,,,,,,,,,,,,,,,,,,,,,,,,,,,,,,,,,,,,,,,,,,,,,,,,,,,,,,,,,,,,,,,,,,,,,,,,,,,,,,,,,,,,,,,,,,,,,,,,,,,,,,,,,,,,,,,,,,,,,,,,,,,,,,,,,,,,,,,,,,,,,,,,,,,,,,,,,,,,,,,,,,,,,,,,,,,,,,,,,,,,,,,,,,,,,,,,,,,,,,,,,,,,,,,,,,,,,,,,,,,,,,,,,,,,,,,,,,,,,,,,,,,,,,,,,,,,,,,,,,,,,,,,,,,,,,,,,,,,,,,,,,,,,,,,,,,,,,,,,,,,,,,,,,,,,,,,,,,,,,,,,,,,,,,,,,,,,,,,,,,,,,,,,,,,,,,,,,,,,,,,,,,,,,,,,,,,,,,,,,,,,,,,,,,,,,,,,,,,,,,,,,,,,,,,,,,,,,,,,,,,,,,,,,,,,,,,,,,,,,,,,,,,,,,,,,,,,,,,,,,,,,,,,,,,,,,,,,,,,,,,,,,,,,,,,,,,,,,,,,,,,,,,,,,,,,,,,,,,,,,,,,,,,,,,,,,,,,,,,,,,,,,,,,,,,,,,,,,,,,,,,,,,,,,,,,,,,,,,,,,,,,,,,,,,,,,,,,,,,,,,,,,,,,,,,,,,,,,,,,,,,,,,,,,,,,,,,,,,,,,,,,,,,,,,,,,,,,,,,,,,,,,,,,,,,,,,,,,,,,,,,,,,,,,,,,,,,,,,,,,,,,,,,,,,,,,,,,,,,,,,,
,,줄기당 엽수 (매),,,,,,,,,,,,,,,,,,,,,,,,,,,,,,,,,,,,,,,,,11,16,20,17,19,23,21,26,27,27,31,27,22,23,22,22,21,19,22,22,20,18,20,21,23,19,20,17,16,17,12,19,14,21,15,22,17,17,17,17,17,17,18,19,16,21,20,20,15,20,16,,,,,,,,,,,,,,,,,,,,,,,,,,,,,,,,,,,,,,,,,,,,,,,,,,,,,,,,,,,,,,,,,,,,,,,,,,,,,,,,,,,,,,,,,,,,,,,,,,,,,,,,,,,,,,,,,,,,,,,,,,,,,,,,,,,,,,,,,,,,,,,,,,,,,,,,,,,,,,,,,,,,,,,,,,,,,,,,,,,,,,,,,,,,,,,,,,,,,,,,,,,,,,,,,,,,,,,,,,,,,,,,,,,,,,,,,,,,,,,,,,,,,,,,,,,,,,,,,,,,,,,,,,,,,,,,,,,,,,,,,,,,,,,,,,,,,,,,,,,,,,,,,,,,,,,,,,,,,,,,,,,,,,,,,,,,,,,,,,,,,,,,,,,,,,,,,,,,,,,,,,,,,,,,,,,,,,,,,,,,,,,,,,,,,,,,,,,,,,,,,,,,,,,,,,,,,,,,,,,,,,,,,,,,,,,,,,,,,,,,,,,,,,,,,,,,,,,,,,,,,,,,,,,,,,,,,,,,,,,,,,,,,,,,,,,,,,,,,,,,,,,,,,,,,,,,,,,,,,,,,,,,,,,,,,,,,,,,,,,,,,,,,,,,,,,,,,,,,,,,,,,,,,,,,,,,,,,,,,,,,,,,,,,,,,,,,,,,,,,,,,,,,,,,,,,,,,,,,,,,,,,,,,,,,,,,,,,,,,,,,,,,,,,,,,,,,,,,,,,,,,,,,,,,,,,,,,,,,,,,,,,,,,,,,,,,,,,,,,,,,,,,,,,,,,,,,,,,,,,,,,,,,,,,,,,,,,,,,,,,,,,,,,,,,,,,,,,,,,,,,,,,,,,,,,,,
,,줄기 굵기 (mm),,,,,,,,,,,,,,,,,,,,,,,,,,,,,,,,,,,,,,,,,7.2,11.3,12.4,13.4,11.1,11.84,12.25,11.28,11.7,10.71,11.5,13.1,12.82,13.43,11.1,11.5,12.82,13.03,13,11.85,11,12,11.03,11.66,10.5,9.02,12.66,14.83,14.44,14.91,-,16.97,12.45,13.04,13.32,11.15,11.12,13.12,9.72,11.17,9.49,8.65,8.6,9.2,8.85,9.66,6.12,10.47,6.02,8.37,5.18,,,,,,,,,,,,,,,,,,,,,,,,,,,,,,,,,,,,,,,,,,,,,,,,,,,,,,,,,,,,,,,,,,,,,,,,,,,,,,,,,,,,,,,,,,,,,,,,,,,,,,,,,,,,,,,,,,,,,,,,,,,,,,,,,,,,,,,,,,,,,,,,,,,,,,,,,,,,,,,,,,,,,,,,,,,,,,,,,,,,,,,,,,,,,,,,,,,,,,,,,,,,,,,,,,,,,,,,,,,,,,,,,,,,,,,,,,,,,,,,,,,,,,,,,,,,,,,,,,,,,,,,,,,,,,,,,,,,,,,,,,,,,,,,,,,,,,,,,,,,,,,,,,,,,,,,,,,,,,,,,,,,,,,,,,,,,,,,,,,,,,,,,,,,,,,,,,,,,,,,,,,,,,,,,,,,,,,,,,,,,,,,,,,,,,,,,,,,,,,,,,,,,,,,,,,,,,,,,,,,,,,,,,,,,,,,,,,,,,,,,,,,,,,,,,,,,,,,,,,,,,,,,,,,,,,,,,,,,,,,,,,,,,,,,,,,,,,,,,,,,,,,,,,,,,,,,,,,,,,,,,,,,,,,,,,,,,,,,,,,,,,,,,,,,,,,,,,,,,,,,,,,,,,,,,,,,,,,,,,,,,,,,,,,,,,,,,,,,,,,,,,,,,,,,,,,,,,,,,,,,,,,,,,,,,,,,,,,,,,,,,,,,,,,,,,,,,,,,,,,,,,,,,,,,,,,,,,,,,,,,,,,,,,,,,,,,,,,,,,,,,,,,,,,,,,,,,,,,,,,,,,,,,,,,,,,,,,,,,,,,,,,,,,,,,,,,,,,,,,,,,,,,,,,,,,,
,화방조사,개화 화방의 높이 (cm)    ,,,,,,,,,,,,,,,,,,,,,,,,,,,,,,,,,,,,,,,,,8.1,15,17.5,8,17,23.5,15.5,24.8,13,17,7,11,17,22,23,20,24,9.5,13,17,21,34,23,14,20,15,23,22,22,26,8,9,7,13,12,12,32,12,30,14,10,10,6,14,7,12,20,0,0,0,0,,,,,,,,,,,,,,,,,,,,,,,,,,,,,,,,,,,,,,,,,,,,,,,,,,,,,,,,,,,,,,,,,,,,,,,,,,,,,,,,,,,,,,,,,,,,,,,,,,,,,,,,,,,,,,,,,,,,,,,,,,,,,,,,,,,,,,,,,,,,,,,,,,,,,,,,,,,,,,,,,,,,,,,,,,,,,,,,,,,,,,,,,,,,,,,,,,,,,,,,,,,,,,,,,,,,,,,,,,,,,,,,,,,,,,,,,,,,,,,,,,,,,,,,,,,,,,,,,,,,,,,,,,,,,,,,,,,,,,,,,,,,,,,,,,,,,,,,,,,,,,,,,,,,,,,,,,,,,,,,,,,,,,,,,,,,,,,,,,,,,,,,,,,,,,,,,,,,,,,,,,,,,,,,,,,,,,,,,,,,,,,,,,,,,,,,,,,,,,,,,,,,,,,,,,,,,,,,,,,,,,,,,,,,,,,,,,,,,,,,,,,,,,,,,,,,,,,,,,,,,,,,,,,,,,,,,,,,,,,,,,,,,,,,,,,,,,,,,,,,,,,,,,,,,,,,,,,,,,,,,,,,,,,,,,,,,,,,,,,,,,,,,,,,,,,,,,,,,,,,,,,,,,,,,,,,,,,,,,,,,,,,,,,,,,,,,,,,,,,,,,,,,,,,,,,,,,,,,,,,,,,,,,,,,,,,,,,,,,,,,,,,,,,,,,,,,,,,,,,,,,,,,,,,,,,,,,,,,,,,,,,,,,,,,,,,,,,,,,,,,,,,,,,,,,,,,,,,,,,,,,,,,,,,,,,,,,,,,,,,,,,,,,,,,,,,,,,,,,,,,,,,,,,,,,,,
,,개화 화방의 길이(mm)   ,,,,,,,,,,,,,,,,,,,,,,,,,,,,,,,,,,,,,,,,,9,9,8,7,6,7,8,7,7,8,7,10,7,9,9,7,8,8,8,8,7,7,6.3,5.5,5.7,6.5,6,6.69,8.13,7.97,7.04,8.13,7.55,7.66,7.65,7.29,8.23,5.53,6.08,7.14,6.68,6.9,7.39,6.83,7,7.64,6.08,0,0,0,0,,,,,,,,,,,,,,,,,,,,,,,,,,,,,,,,,,,,,,,,,,,,,,,,,,,,,,,,,,,,,,,,,,,,,,,,,,,,,,,,,,,,,,,,,,,,,,,,,,,,,,,,,,,,,,,,,,,,,,,,,,,,,,,,,,,,,,,,,,,,,,,,,,,,,,,,,,,,,,,,,,,,,,,,,,,,,,,,,,,,,,,,,,,,,,,,,,,,,,,,,,,,,,,,,,,,,,,,,,,,,,,,,,,,,,,,,,,,,,,,,,,,,,,,,,,,,,,,,,,,,,,,,,,,,,,,,,,,,,,,,,,,,,,,,,,,,,,,,,,,,,,,,,,,,,,,,,,,,,,,,,,,,,,,,,,,,,,,,,,,,,,,,,,,,,,,,,,,,,,,,,,,,,,,,,,,,,,,,,,,,,,,,,,,,,,,,,,,,,,,,,,,,,,,,,,,,,,,,,,,,,,,,,,,,,,,,,,,,,,,,,,,,,,,,,,,,,,,,,,,,,,,,,,,,,,,,,,,,,,,,,,,,,,,,,,,,,,,,,,,,,,,,,,,,,,,,,,,,,,,,,,,,,,,,,,,,,,,,,,,,,,,,,,,,,,,,,,,,,,,,,,,,,,,,,,,,,,,,,,,,,,,,,,,,,,,,,,,,,,,,,,,,,,,,,,,,,,,,,,,,,,,,,,,,,,,,,,,,,,,,,,,,,,,,,,,,,,,,,,,,,,,,,,,,,,,,,,,,,,,,,,,,,,,,,,,,,,,,,,,,,,,,,,,,,,,,,,,,,,,,,,,,,,,,,,,,,,,,,,,,,,,,,,,,,,,,,,,,,,,,,,,,,,,,,,,
,,개화 화방       ,,,,,,,,,,,,,,,,,,,,,,,,,,,,,,,,,,,,,,,,,1.4,2.2,3.5,5.1,6.4,8.2,9.3,12,12.5,13.2,14.7,15.3,17.3,18.6,20,20.5,21.4,23.1,24.1,25,26,25.4,28.4,30.1,31.3,32.2,33.2,34.5,35.2,35.9,36.7,38.1,38.1,39.3,39.2,40.2,39.5,41.2,41.1,42.3,42.4,43.2,43.1,44.3,44.1,45.4,45.5,45.9,45.8,46,46,,,,,,,,,,,,,,,,,,,,,,,,,,,,,,,,,,,,,,,,,,,,,,,,,,,,,,,,,,,,,,,,,,,,,,,,,,,,,,,,,,,,,,,,,,,,,,,,,,,,,,,,,,,,,,,,,,,,,,,,,,,,,,,,,,,,,,,,,,,,,,,,,,,,,,,,,,,,,,,,,,,,,,,,,,,,,,,,,,,,,,,,,,,,,,,,,,,,,,,,,,,,,,,,,,,,,,,,,,,,,,,,,,,,,,,,,,,,,,,,,,,,,,,,,,,,,,,,,,,,,,,,,,,,,,,,,,,,,,,,,,,,,,,,,,,,,,,,,,,,,,,,,,,,,,,,,,,,,,,,,,,,,,,,,,,,,,,,,,,,,,,,,,,,,,,,,,,,,,,,,,,,,,,,,,,,,,,,,,,,,,,,,,,,,,,,,,,,,,,,,,,,,,,,,,,,,,,,,,,,,,,,,,,,,,,,,,,,,,,,,,,,,,,,,,,,,,,,,,,,,,,,,,,,,,,,,,,,,,,,,,,,,,,,,,,,,,,,,,,,,,,,,,,,,,,,,,,,,,,,,,,,,,,,,,,,,,,,,,,,,,,,,,,,,,,,,,,,,,,,,,,,,,,,,,,,,,,,,,,,,,,,,,,,,,,,,,,,,,,,,,,,,,,,,,,,,,,,,,,,,,,,,,,,,,,,,,,,,,,,,,,,,,,,,,,,,,,,,,,,,,,,,,,,,,,,,,,,,,,,,,,,,,,,,,,,,,,,,,,,,,,,,,,,,,,,,,,,,,,,,,,,,,,,,,,,,,,,,,,,,,,,,,,,,,,,,,,,,,,,,,,,,,,,,,,,
,,착과 화방 ,,,,,,,,,,,,,,,,,,,,,,,,,,,,,,,,,,,,,,,,,0,1.6,2.5,3.6,5,7.4,8.5,10.5,10.7,12.2,13.5,15,16.4,17.2,18.3,20.1,20.5,22.1,23.1,24.4,25.4,24.8,27.6,28.5,30.2,31.2,32.4,33.6,34.5,36.2,35.8,37.2,37.2,38.4,38.5,39.3,39.2,40.4,40.3,41.7,41.6,42.5,42.4,43.5,43.4,43.7,44.7,45.4,45,0,0,,,,,,,,,,,,,,,,,,,,,,,,,,,,,,,,,,,,,,,,,,,,,,,,,,,,,,,,,,,,,,,,,,,,,,,,,,,,,,,,,,,,,,,,,,,,,,,,,,,,,,,,,,,,,,,,,,,,,,,,,,,,,,,,,,,,,,,,,,,,,,,,,,,,,,,,,,,,,,,,,,,,,,,,,,,,,,,,,,,,,,,,,,,,,,,,,,,,,,,,,,,,,,,,,,,,,,,,,,,,,,,,,,,,,,,,,,,,,,,,,,,,,,,,,,,,,,,,,,,,,,,,,,,,,,,,,,,,,,,,,,,,,,,,,,,,,,,,,,,,,,,,,,,,,,,,,,,,,,,,,,,,,,,,,,,,,,,,,,,,,,,,,,,,,,,,,,,,,,,,,,,,,,,,,,,,,,,,,,,,,,,,,,,,,,,,,,,,,,,,,,,,,,,,,,,,,,,,,,,,,,,,,,,,,,,,,,,,,,,,,,,,,,,,,,,,,,,,,,,,,,,,,,,,,,,,,,,,,,,,,,,,,,,,,,,,,,,,,,,,,,,,,,,,,,,,,,,,,,,,,,,,,,,,,,,,,,,,,,,,,,,,,,,,,,,,,,,,,,,,,,,,,,,,,,,,,,,,,,,,,,,,,,,,,,,,,,,,,,,,,,,,,,,,,,,,,,,,,,,,,,,,,,,,,,,,,,,,,,,,,,,,,,,,,,,,,,,,,,,,,,,,,,,,,,,,,,,,,,,,,,,,,,,,,,,,,,,,,,,,,,,,,,,,,,,,,,,,,,,,,,,,,,,,,,,,,,,,,,,,,,,,,,,,,,,,,,,,,,,,,,,,,,,,,,,,
,,수확 화방 ,,,,,,,,,,,,,,,,,,,,,,,,,,,,,,,,,,,,,,,,,0,0,0,0,0,1,3,5,5,6,7,9,10,11,12,14,15,15,16,18,18,18,21,22,23,24,25,27,27,28,-,29,32,30,32,31,33,32,33,33,34,34,35,36,36,36,37,38,39,39,39,,,,,,,,,,,,,,,,,,,,,,,,,,,,,,,,,,,,,,,,,,,,,,,,,,,,,,,,,,,,,,,,,,,,,,,,,,,,,,,,,,,,,,,,,,,,,,,,,,,,,,,,,,,,,,,,,,,,,,,,,,,,,,,,,,,,,,,,,,,,,,,,,,,,,,,,,,,,,,,,,,,,,,,,,,,,,,,,,,,,,,,,,,,,,,,,,,,,,,,,,,,,,,,,,,,,,,,,,,,,,,,,,,,,,,,,,,,,,,,,,,,,,,,,,,,,,,,,,,,,,,,,,,,,,,,,,,,,,,,,,,,,,,,,,,,,,,,,,,,,,,,,,,,,,,,,,,,,,,,,,,,,,,,,,,,,,,,,,,,,,,,,,,,,,,,,,,,,,,,,,,,,,,,,,,,,,,,,,,,,,,,,,,,,,,,,,,,,,,,,,,,,,,,,,,,,,,,,,,,,,,,,,,,,,,,,,,,,,,,,,,,,,,,,,,,,,,,,,,,,,,,,,,,,,,,,,,,,,,,,,,,,,,,,,,,,,,,,,,,,,,,,,,,,,,,,,,,,,,,,,,,,,,,,,,,,,,,,,,,,,,,,,,,,,,,,,,,,,,,,,,,,,,,,,,,,,,,,,,,,,,,,,,,,,,,,,,,,,,,,,,,,,,,,,,,,,,,,,,,,,,,,,,,,,,,,,,,,,,,,,,,,,,,,,,,,,,,,,,,,,,,,,,,,,,,,,,,,,,,,,,,,,,,,,,,,,,,,,,,,,,,,,,,,,,,,,,,,,,,,,,,,,,,,,,,,,,,,,,,,,,,,,,,,,,,,,,,,,,,,,,,,,,,,,,,,
,,총 과일 수 ,,,,,,,,,,,,,,,,,,,,,,,,,,,,,,,,,,,,,,,,,0,4,10,17,20,18,45,44,48,51,44,52,57,55,56,60,59,66,75,83,84,72,95,92,86,76,68,84,85,92,31,95,67,83,72,87,67,95,61,112,87,81,84,83,71,94,72,82,61,72,74,,,,,,,,,,,,,,,,,,,,,,,,,,,,,,,,,,,,,,,,,,,,,,,,,,,,,,,,,,,,,,,,,,,,,,,,,,,,,,,,,,,,,,,,,,,,,,,,,,,,,,,,,,,,,,,,,,,,,,,,,,,,,,,,,,,,,,,,,,,,,,,,,,,,,,,,,,,,,,,,,,,,,,,,,,,,,,,,,,,,,,,,,,,,,,,,,,,,,,,,,,,,,,,,,,,,,,,,,,,,,,,,,,,,,,,,,,,,,,,,,,,,,,,,,,,,,,,,,,,,,,,,,,,,,,,,,,,,,,,,,,,,,,,,,,,,,,,,,,,,,,,,,,,,,,,,,,,,,,,,,,,,,,,,,,,,,,,,,,,,,,,,,,,,,,,,,,,,,,,,,,,,,,,,,,,,,,,,,,,,,,,,,,,,,,,,,,,,,,,,,,,,,,,,,,,,,,,,,,,,,,,,,,,,,,,,,,,,,,,,,,,,,,,,,,,,,,,,,,,,,,,,,,,,,,,,,,,,,,,,,,,,,,,,,,,,,,,,,,,,,,,,,,,,,,,,,,,,,,,,,,,,,,,,,,,,,,,,,,,,,,,,,,,,,,,,,,,,,,,,,,,,,,,,,,,,,,,,,,,,,,,,,,,,,,,,,,,,,,,,,,,,,,,,,,,,,,,,,,,,,,,,,,,,,,,,,,,,,,,,,,,,,,,,,,,,,,,,,,,,,,,,,,,,,,,,,,,,,,,,,,,,,,,,,,,,,,,,,,,,,,,,,,,,,,,,,,,,,,,,,,,,,,,,,,,,,,,,,,,,,,,,,,,,,,,,,,,,,,,,,,,,,,,,,,,,
,,,,,,,,,,,,,,,,,,,,,,,,,,,,,,,,,,,,,,,,,,,,,,,,,,,,,,,,,,,,,,,,,,,,,,,,,,,,,,,,,,,,,,,,,,,,,,,,,,,,,,,,,,,,,,,,,,,,,,,,,,,,,,,,,,,,,,,,,,,,,,,,,,,,,,,,,,,,,,,,,,,,,,,,,,,,,,,,,,,,,,,,,,,,,,,,,,,,,,,,,,,,,,,,,,,,,,,,,,,,,,,,,,,,,,,,,,,,,,,,,,,,,,,,,,,,,,,,,,,,,,,,,,,,,,,,,,,,,,,,,,,,,,,,,,,,,,,,,,,,,,,,,,,,,,,,,,,,,,,,,,,,,,,,,,,,,,,,,,,,,,,,,,,,,,,,,,,,,,,,,,,,,,,,,,,,,,,,,,,,,,,,,,,,,,,,,,,,,,,,,,,,,,,,,,,,,,,,,,,,,,,,,,,,,,,,,,,,,,,,,,,,,,,,,,,,,,,,,,,,,,,,,,,,,,,,,,,,,,,,,,,,,,,,,,,,,,,,,,,,,,,,,,,,,,,,,,,,,,,,,,,,,,,,,,,,,,,,,,,,,,,,,,,,,,,,,,,,,,,,,,,,,,,,,,,,,,,,,,,,,,,,,,,,,,,,,,,,,,,,,,,,,,,,,,,,,,,,,,,,,,,,,,,,,,,,,,,,,,,,,,,,,,,,,,,,,,,,,,,,,,,,,,,,,,,,,,,,,,,,,,,,,,,,,,,,,,,,,,,,,,,,,,,,,,,,,,,,,,,,,,,,,,,,,,,,,,,,,,,,,,,,,,,,,,,,,,,,,,,,,,,,,,,,,,,,,,,,,,,,,,,,,,,,,,,,,,,,,,,,,,,,,,,,,,,,,,,,,,,,,,,,,,,,,,,,,,,,,,,,,,,,,,,,,,,,,,,,,,,,,,,,,
#REF!,,작물 번호,4-1,,4-2,,4-3,,4-4,,4-1,,4-2,,4-3,,4-4,,4-1,,4-2,,4-3,,4-4,,4-1,,4-2,,4-3,,4-4,,4-1,,4-2,,4-3,,4-4,,4-1,4-1,4-1,4-1,4-1,4-1,4-1,4-1,4-1,4-1,4-1,4-1,4-1,4-1,4-1,4-1,4-1,4-1,4-1,4-1,4-1,4-1,4-1,4-1,4-1,4-1,4-1,4-1,4-1,3-4,,3-4,,3-5,,3-6,,3-7,,3-8,,3-9,,3-9,,3-9,,3-9,,3-9,,3-9,,3-9,,3-9,,3-9,,3-9,,3-9,,3-4,,3-8,,7-4,,7-8,,3-4,,3-8,,7-4,,7-8,,3-4,,3-8,,7-4,,7-8,,3-4,,3-8,,7-4,,7-8,,3-4,,3-8,,7-4,,7-8,,3-4,,3-8,,7-4,,7-8,,3-4,,3-8,,7-4,,7-8,,3-4,,3-8,,7-4,,7-8,,3-4,,3-8,,7-4,,7-8,,3-4,,3-8,,7-4,,7-8,,3-4,,3-8,,7-4,,7-8,,3-4,,3-8,,7-4,,7-8,,3-4,,3-8,,7-4,,7-8,,3-4,,3-8,,7-4,,7-8,,3-4,,3-8,,7-4,,7-8,,3-4,,3-8,,7-4,,7-8,,3-4,,3-8,,7-4,,7-8,,3-4,,3-8,,7-4,,7-8,,3-4,,3-8,,7-4,,7-8,,3-4,,3-8,,7-4,,7-8,,3-4,,3-8,,7-4,,7-8,,3-4,,3-8,,7-4,,7-8,,3-4,,3-8,,7-4,,7-8,,3-4,,3-8,,7-4,,7-8,,3-4,,3-8,,7-4,,7-8,,3-4,,3-8,,7-4,,7-8,,3-4,,3-8,,7-4,,7-8,,3-4,,3-8,,7-4,,7-8,,3-4,,3-8,,7-4,,7-8,,3-4,,3-8,,7-4,,7-8,,3-4,,3-8,,7-4,,7-8,,3-4,,3-8,,7-4,,7-8,,3-4,,3-8,,7-4,,7-8,,3-4,,3-8,,7-4,,7-8,,3-4,,3-8,,7-4,,7-8,,3-4,,3-8,,7-4,,7-8,,3-4,,3-8,,7-4,,7-8,,3-4,,3-8,,7-4,,7-8,,3-4,,3-8,,7-4,,7-8,,3-4,,3-8,,7-4,,7-8,,3-4,,3-8,,7-4,,7-8,,3-4,,3-8,,7-4,,7-8,,3-4,,3-8,,7-4,,7-8,,3-4,,3-8,,7-4,,7-8,,3-4,,3-8,,7-4,,7-8,,3-4,,3-8,,7-4,,7-8,,3-4,,3-8,,7-4,,7-8,,3-4,,3-8,,7-4,,7-8,,3-4,,3-8,,7-4,,7-8,,3-4,,3-8,,7-4,,7-8,,3-4,,3-8,,7-4,,7-8,,3-4,,3-8,,7-4,,7-8,,3-4,,3-8,,7-4,,7-8,,3-4,,3-8,,7-4,,7-8,,3-4,,3-8,,7-4,,7-8,,3-4,,3-8,,7-4,,7-8,,3-4,,3-8,,7-4,,7-8,,3-4,,3-8,,7-4,,7-8,,3-4,,3-8,,7-4,,7-8,,3-4,,3-8,,7-4,,7-8,,3-4,,3-8,,7-4,,7-8,,3-4,,3-8,,7-4,,7-8,,3-4,,3-8,,7-4,,7-8,,3-4,,3-8,,7-4,,7-8,,3-4,,3-8,,7-4,,7-8,,3-4,,3-8,,7-4,,7-8,,3-4,,3-8,,7-4,,7-8,,3-4,,3-8,,7-4,,7-8,,3-4,,3-8,,7-4,,7-8,,3-4,,3-8,,7-4,,7-8,,3-4,,3-8,,7-4,,7-8,,3-4,,3-8,,7-4,,7-8,,3-4,,3-8,,7-4,,7-8,,3-4,,3-8,,7-4,,7-8,,3-4,,3-8,,7-4,,7-8,,3-4,,3-8,,7-4,,7-8,,3-4,,3-8,,7-4,,7-8,,3-4,,3-8,,7-4,,7-8,,3-4,,3-8,,7-4,,7-8,,3-4,,3-8,,7-4,,7-8,,3-4,,3-8,,7-4,,7-8,,3-4,,3-8,,7-4,,7-8,,3-4,,3-8,,7-4,,7-8,,3-4,,3-8,,7-4,,7-8,,3-4,,3-8,,7-4,,7-8,,3-4,,3-8,,7-4,,7-8,,3-4,,3-8,,7-4,,7-8,,3-4,,3-8,,7-4,,7-8,,3-4,,3-8,,7-4,,7-8,,3-4,,3-8,,7-4,,7-8,,3-4,,3-8,,7-4,,7-8,,3-4,,3-8,,7-4,,7-8,,3-4,,3-8,,7-4,,7-8,,3-4,,3-8,,7-4,,7-8,,3-4,,3-8,,7-4,,7-8,
,,주지 / 측지,주지,측지,주지,측지,주지,측지,주지,측지,주지,측지,주지,측지,주지,측지,주지,측지,주지,측지,주지,측지,주지,측지,주지,측지,주지,측지,주지,측지,주지,측지,주지,측지,주지,측지,주지,측지,주지,측지,주지,측지,주지,주지,주지,주지,주지,주지,주지,주지,주지,주지,주지,주지,주지,주지,주지,주지,주지,주지,주지,주지,주지,주지,주지,주지,주지,주지,주지,주지,주지,주지,,주지,측지,주지,측지,주지,측지,주지,측지,주지,측지,주지,측지,주지,측지,주지,측지,주지,측지,주지,측지,주지,측지,주지,측지,주지,측지,주지,측지,주지,측지,주지,측지,주지,측지,주지,측지,주지,측지,주지,측지,주지,측지,주지,측지,주지,측지,주지,측지,주지,측지,주지,측지,주지,측지,주지,측지,주지,측지,주지,측지,주지,측지,주지,측지,주지,측지,주지,측지,주지,측지,주지,측지,주지,측지,주지,측지,주지,측지,주지,측지,주지,측지,주지,측지,주지,측지,주지,측지,주지,측지,주지,측지,주지,측지,주지,측지,주지,측지,주지,측지,주지,측지,주지,측지,주지,측지,주지,측지,주지,측지,주지,측지,주지,측지,주지,측지,주지,측지,주지,측지,주지,측지,주지,측지,주지,측지,주지,측지,주지,측지,주지,측지,주지,측지,주지,측지,주지,측지,주지,측지,주지,측지,주지,측지,주지,측지,주지,측지,주지,측지,주지,측지,주지,측지,주지,측지,주지,측지,주지,측지,주지,측지,주지,측지,주지,측지,주지,측지,주지,측지,주지,측지,주지,측지,주지,측지,주지,측지,주지,측지,주지,측지,주지,측지,주지,측지,주지,측지,주지,측지,주지,측지,주지,측지,주지,측지,주지,측지,주지,측지,주지,측지,주지,측지,주지,측지,주지,측지,주지,측지,주지,측지,주지,측지,주지,측지,주지,측지,주지,측지,주지,측지,주지,측지,주지,측지,주지,측지,주지,측지,주지,측지,주지,측지,주지,측지,주지,측지,주지,측지,주지,측지,주지,측지,주지,측지,주지,측지,주지,측지,주지,측지,주지,측지,주지,측지,주지,측지,주지,측지,주지,측지,주지,측지,주지,측지,주지,측지,주지,측지,주지,측지,주지,측지,주지,측지,주지,측지,주지,측지,주지,측지,주지,측지,주지,측지,주지,측지,주지,측지,주지,측지,주지,측지,주지,측지,주지,측지,주지,측지,주지,측지,주지,측지,주지,측지,주지,측지,주지,측지,주지,측지,주지,측지,주지,측지,주지,측지,주지,측지,주지,측지,주지,측지,주지,측지,주지,측지,주지,측지,주지,측지,주지,측지,주지,측지,주지,측지,주지,측지,주지,측지,주지,측지,주지,측지,주지,측지,주지,측지,주지,측지,주지,측지,주지,측지,주지,측지,주지,측지,주지,측지,주지,측지,주지,측지,주지,측지,주지,측지,주지,측지,주지,측지,주지,측지,주지,측지,주지,측지,주지,측지,주지,측지,주지,측지,주지,측지,주지,측지,주지,측지,주지,측지,주지,측지,주지,측지,주지,측지,주지,측지,주지,측지,주지,측지,주지,측지,주지,측지,주지,측지,주지,측지,주지,측지,주지,측지,주지,측지,주지,측지,주지,측지,주지,측지,주지,측지,주지,측지,주지,측지,주지,측지,주지,측지,주지,측지,주지,측지,주지,측지,주지,측지,주지,측지,주지,측지,주지,측지,주지,측지,주지,측지,주지,측지,주지,측지,주지,측지,주지,측지,주지,측지,주지,측지,주지,측지,주지,측지,주지,측지,주지,측지,주지,측지,주지,측지,주지,측지,주지,측지,주지,측지,주지,측지,주지,측지,주지,측지,주지,측지,주지,측지,주지,측지,주지,측지,주지,측지,주지,측지,주지,측지,주지,측지,주지,측지,주지,측지,주지,측지,주지,측지,주지,측지,주지,측지,주지,측지,주지,측지,주지,측지,주지,측지,주지,측지,주지,측지,주지,측지,주지,측지,주지,측지,주지,측지,주지,측지,주지,측지,주지,측지,주지,측지,주지,측지,주지,측지,주지,측지,주지,측지,주지,측지,주지,측지,주지,측지,주지,측지,주지,측지,주지,측지,주지,측지,주지,측지,주지,측지,주지,측지,주지,측지,주지,측지,주지,측지,주지,측지,주지,측지,주지,측지,주지,측지,주지,측지,주지,측지,주지,측지,주지,측지,주지,측지,주지,측지,주지,측지,주지,측지,주지,측지,주지,측지,주지,측지,주지,측지,주지,측지,주지,측지,주지,측지,주지,측지,주지,측지,주지,측지,주지,측지,주지,측지,주지,측지,주지,측지,주지,측지,주지,측지,주지,측지,주지,측지,주지,측지,주지,측지,주지,측지,주지,측지,주지,측지,주지,측지,주지,측지,주지,측지,주지,측지,주지,측지,주지,측지,주지,측지,주지,측지,주지,측지,주지,측지,주지,측지,주지,측지,주지,측지,주지,측지,주지,측지,주지,측지,주지,측지,주지,측지,주지,측지,주지,측지,주지,측지,주지,측지,주지,측지,주지,측지,주지,측지,주지,측지,주지,측지,주지,측지,주지,측지,주지,측지,주지,측지,주지,측지,주지,측지,주지,측지,주지,측지,주지,측지,주지,측지,주지,측지,주지,측지,주지,측지,주지,측지,주지,측지,주지,측지,주지,측지,주지,측지,주지,측지,주지,측지,주지,측지,주지,측지,주지,측지,주지,측지,주지,측지,주지,측지,주지,측지,주지,측지,주지,측지,주지,측지,주지,측지,주지,측지,주지,측지,주지,측지,주지,측지,주지,측지,주지,측지,주지,측지,주지,측지,주지,측지,주지,측지,주지,측지,주지,측지,주지,측지
Sunstream,생육조사,주간 생장길이 (cm),,,,,,,,,,,,,,,,,,,,,,,,,,,,,,,,,,,,,,,,,,,,,,,,,,,,,,,,,,,,,,,,,,,,,,,,,,,,,,,,,,,,,,,,,,,,,,,,,,,,,,,,,,,,,,,,,,,,,,,,,,,,,,,,,,,,,,,,,,,,,,,,,,,,,,,,,,,,,,,,,,,,,,,,,,,,,,,,,,,,,,,,,,,,,,,,,,,,,,,,,,,,,,,,,,,,,,,,,,,,,,,,,,,,,,,,,,,,,,,,,,,,,,,,,,,,,,,,,,,,,,,,,,,,,,,,,,,,,,,,,,,,,,,,,,,,,,,,,,,,,,,,,,,,,,,,,,,,,,,,,,,,,,,,,,,,,,,,,,,,,,,,,,,,,,,,,,,,,,,,,,,,,,,,,,,,,,,,,,,,,,,,,,,,,,,,,,,,,,,,,,,,,,,,,,,,,,,,,,,,,,,,,,,,,,,,,,,,,,,,,,,,,,,,,,,,,,,,,,,,,,,,,,,,,,,,,,,,,,,,,,,,,,,,,,,,,,,,,,,,,,,,,,,,,,,,,,,,,,,,,,,,,,,,,,,,,,,,,,,,,,,,,,,,,,,,,,,,,,,,,,,,,,,,,,,,,,,,,,,,,,,,,,,,,,,,,,,,,,,,,,,,,,,,,,,,,,,,,,,,,,,,,,,,,,,,,,,,,,,,,,,,,,,,,,,,,,,,,,,,,,,,,,,,,,,,,,,,,,,,,,,,,,,,,,,,,,,,,,,,,,,,,,,,,,,,,,,,,,,,,,,,,,,,,,,,,,,,,,,,,,,,,,,,,,,,,,,,,,,,,,,,,,,,,,,,,,,,,,,,,,,,,,,,,,,,,,,,,,,,,,,,,,,,,,,,,,,,,,,,,,,,,,,,,,,,,,,,,,,,,,,,,,,,,,,,,,,,,,,,,,,
,,잎의크기(엽장)  (cm) ,,,,,,,,,,,,,,,,,,,,,,,,,,,,,,,,,,,,,,,,,,,,,,,,,,,,,,,,,,,,,,,,,,,,,,,,,,,,,,,,,,,,,,,,,,,,,,,,,,,,,,,,,,,,,,,,,,,,,,,,,,,,,,,,,,,,,,,,,,,,,,,,,,,,,,,,,,,,,,,,,,,,,,,,,,,,,,,,,,,,,,,,,,,,,,,,,,,,,,,,,,,,,,,,,,,,,,,,,,,,,,,,,,,,,,,,,,,,,,,,,,,,,,,,,,,,,,,,,,,,,,,,,,,,,,,,,,,,,,,,,,,,,,,,,,,,,,,,,,,,,,,,,,,,,,,,,,,,,,,,,,,,,,,,,,,,,,,,,,,,,,,,,,,,,,,,,,,,,,,,,,,,,,,,,,,,,,,,,,,,,,,,,,,,,,,,,,,,,,,,,,,,,,,,,,,,,,,,,,,,,,,,,,,,,,,,,,,,,,,,,,,,,,,,,,,,,,,,,,,,,,,,,,,,,,,,,,,,,,,,,,,,,,,,,,,,,,,,,,,,,,,,,,,,,,,,,,,,,,,,,,,,,,,,,,,,,,,,,,,,,,,,,,,,,,,,,,,,,,,,,,,,,,,,,,,,,,,,,,,,,,,,,,,,,,,,,,,,,,,,,,,,,,,,,,,,,,,,,,,,,,,,,,,,,,,,,,,,,,,,,,,,,,,,,,,,,,,,,,,,,,,,,,,,,,,,,,,,,,,,,,,,,,,,,,,,,,,,,,,,,,,,,,,,,,,,,,,,,,,,,,,,,,,,,,,,,,,,,,,,,,,,,,,,,,,,,,,,,,,,,,,,,,,,,,,,,,,,,,,,,,,,,,,,,,,,,,,,,,,,,,,,,,,,,,,,,,,,,,,,,,,,,,,,,,,,,,,,,,,,,,,,,,,,,,,,,,,,,,,,,,,
,,잎의크기(엽폭)  (cm)  ,,,,,,,,,,,,,,,,,,,,,,,,,,,,,,,,,,,,,,,,,,,,,,,,,,,,,,,,,,,,,,,,,,,,,,,,,,,,,,,,,,,,,,,,,,,,,,,,,,,,,,,,,,,,,,,,,,,,,,,,,,,,,,,,,,,,,,,,,,,,,,,,,,,,,,,,,,,,,,,,,,,,,,,,,,,,,,,,,,,,,,,,,,,,,,,,,,,,,,,,,,,,,,,,,,,,,,,,,,,,,,,,,,,,,,,,,,,,,,,,,,,,,,,,,,,,,,,,,,,,,,,,,,,,,,,,,,,,,,,,,,,,,,,,,,,,,,,,,,,,,,,,,,,,,,,,,,,,,,,,,,,,,,,,,,,,,,,,,,,,,,,,,,,,,,,,,,,,,,,,,,,,,,,,,,,,,,,,,,,,,,,,,,,,,,,,,,,,,,,,,,,,,,,,,,,,,,,,,,,,,,,,,,,,,,,,,,,,,,,,,,,,,,,,,,,,,,,,,,,,,,,,,,,,,,,,,,,,,,,,,,,,,,,,,,,,,,,,,,,,,,,,,,,,,,,,,,,,,,,,,,,,,,,,,,,,,,,,,,,,,,,,,,,,,,,,,,,,,,,,,,,,,,,,,,,,,,,,,,,,,,,,,,,,,,,,,,,,,,,,,,,,,,,,,,,,,,,,,,,,,,,,,,,,,,,,,,,,,,,,,,,,,,,,,,,,,,,,,,,,,,,,,,,,,,,,,,,,,,,,,,,,,,,,,,,,,,,,,,,,,,,,,,,,,,,,,,,,,,,,,,,,,,,,,,,,,,,,,,,,,,,,,,,,,,,,,,,,,,,,,,,,,,,,,,,,,,,,,,,,,,,,,,,,,,,,,,,,,,,,,,,,,,,,,,,,,,,,,,,,,,,,,,,,,,,,,,,,,,,,,,,,,,,,,,,,,,,,,,,,,,,
,,줄기당 엽수 (매),,,,,,,,,,,,,,,,,,,,,,,,,,,,,,,,,,,,,,,,,,,,,,,,,,,,,,,,,,,,,,,,,,,,,,,,,,,,,,,,,,,,,,,,,,,,,,,,,,,,,,,,,,,,,,,,,,,,,,,,,,,,,,,,,,,,,,,,,,,,,,,,,,,,,,,,,,,,,,,,,,,,,,,,,,,,,,,,,,,,,,,,,,,,,,,,,,,,,,,,,,,,,,,,,,,,,,,,,,,,,,,,,,,,,,,,,,,,,,,,,,,,,,,,,,,,,,,,,,,,,,,,,,,,,,,,,,,,,,,,,,,,,,,,,,,,,,,,,,,,,,,,,,,,,,,,,,,,,,,,,,,,,,,,,,,,,,,,,,,,,,,,,,,,,,,,,,,,,,,,,,,,,,,,,,,,,,,,,,,,,,,,,,,,,,,,,,,,,,,,,,,,,,,,,,,,,,,,,,,,,,,,,,,,,,,,,,,,,,,,,,,,,,,,,,,,,,,,,,,,,,,,,,,,,,,,,,,,,,,,,,,,,,,,,,,,,,,,,,,,,,,,,,,,,,,,,,,,,,,,,,,,,,,,,,,,,,,,,,,,,,,,,,,,,,,,,,,,,,,,,,,,,,,,,,,,,,,,,,,,,,,,,,,,,,,,,,,,,,,,,,,,,,,,,,,,,,,,,,,,,,,,,,,,,,,,,,,,,,,,,,,,,,,,,,,,,,,,,,,,,,,,,,,,,,,,,,,,,,,,,,,,,,,,,,,,,,,,,,,,,,,,,,,,,,,,,,,,,,,,,,,,,,,,,,,,,,,,,,,,,,,,,,,,,,,,,,,,,,,,,,,,,,,,,,,,,,,,,,,,,,,,,,,,,,,,,,,,,,,,,,,,,,,,,,,,,,,,,,,,,,,,,,,,,,,,,,,,,,,,,,,,,,,,,,,,,,,,,,,,,,,
,,줄기 굵기 (mm),,,,,,,,,,,,,,,,,,,,,,,,,,,,,,,,,,,,,,,,,,,,,,,,,,,,,,,,,,,,,,,,,,,,,,,,,,,,,,,,,,,,,,,,,,,,,,,,,,,,,,,,,,,,,,,,,,,,,,,,,,,,,,,,,,,,,,,,,,,,,,,,,,,,,,,,,,,,,,,,,,,,,,,,,,,,,,,,,,,,,,,,,,,,,,,,,,,,,,,,,,,,,,,,,,,,,,,,,,,,,,,,,,,,,,,,,,,,,,,,,,,,,,,,,,,,,,,,,,,,,,,,,,,,,,,,,,,,,,,,,,,,,,,,,,,,,,,,,,,,,,,,,,,,,,,,,,,,,,,,,,,,,,,,,,,,,,,,,,,,,,,,,,,,,,,,,,,,,,,,,,,,,,,,,,,,,,,,,,,,,,,,,,,,,,,,,,,,,,,,,,,,,,,,,,,,,,,,,,,,,,,,,,,,,,,,,,,,,,,,,,,,,,,,,,,,,,,,,,,,,,,,,,,,,,,,,,,,,,,,,,,,,,,,,,,,,,,,,,,,,,,,,,,,,,,,,,,,,,,,,,,,,,,,,,,,,,,,,,,,,,,,,,,,,,,,,,,,,,,,,,,,,,,,,,,,,,,,,,,,,,,,,,,,,,,,,,,,,,,,,,,,,,,,,,,,,,,,,,,,,,,,,,,,,,,,,,,,,,,,,,,,,,,,,,,,,,,,,,,,,,,,,,,,,,,,,,,,,,,,,,,,,,,,,,,,,,,,,,,,,,,,,,,,,,,,,,,,,,,,,,,,,,,,,,,,,,,,,,,,,,,,,,,,,,,,,,,,,,,,,,,,,,,,,,,,,,,,,,,,,,,,,,,,,,,,,,,,,,,,,,,,,,,,,,,,,,,,,,,,,,,,,,,,,,,,,,,,,,,,,,,,,,,,,,,,,,,,,,,,,,,
,화방조사,개화 화방의 높이 (cm)    ,,,,,,,,,,,,,,,,,,,,,,,,,,,,,,,,,,,,,,,,,,,,,,,,,,,,,,,,,,,,,,,,,,,,,,,,,,,,,,,,,,,,,,,,,,,,,,,,,,,,,,,,,,,,,,,,,,,,,,,,,,,,,,,,,,,,,,,,,,,,,,,,,,,,,,,,,,,,,,,,,,,,,,,,,,,,,,,,,,,,,,,,,,,,,,,,,,,,,,,,,,,,,,,,,,,,,,,,,,,,,,,,,,,,,,,,,,,,,,,,,,,,,,,,,,,,,,,,,,,,,,,,,,,,,,,,,,,,,,,,,,,,,,,,,,,,,,,,,,,,,,,,,,,,,,,,,,,,,,,,,,,,,,,,,,,,,,,,,,,,,,,,,,,,,,,,,,,,,,,,,,,,,,,,,,,,,,,,,,,,,,,,,,,,,,,,,,,,,,,,,,,,,,,,,,,,,,,,,,,,,,,,,,,,,,,,,,,,,,,,,,,,,,,,,,,,,,,,,,,,,,,,,,,,,,,,,,,,,,,,,,,,,,,,,,,,,,,,,,,,,,,,,,,,,,,,,,,,,,,,,,,,,,,,,,,,,,,,,,,,,,,,,,,,,,,,,,,,,,,,,,,,,,,,,,,,,,,,,,,,,,,,,,,,,,,,,,,,,,,,,,,,,,,,,,,,,,,,,,,,,,,,,,,,,,,,,,,,,,,,,,,,,,,,,,,,,,,,,,,,,,,,,,,,,,,,,,,,,,,,,,,,,,,,,,,,,,,,,,,,,,,,,,,,,,,,,,,,,,,,,,,,,,,,,,,,,,,,,,,,,,,,,,,,,,,,,,,,,,,,,,,,,,,,,,,,,,,,,,,,,,,,,,,,,,,,,,,,,,,,,,,,,,,,,,,,,,,,,,,,,,,,,,,,,,,,,,,,,,,,,,,,,,,,,,,,,,,,,,,,,,,
,,개화 화방의 길이(cm)   ,,,,,,,,,,,,,,,,,,,,,,,,,,,,,,,,,,,,,,,,,,,,,,,,,,,,,,,,,,,,,,,,,,,,,,,,,,,,,,,,,,,,,,,,,,,,,,,,,,,,,,,,,,,,,,,,,,,,,,,,,,,,,,,,,,,,,,,,,,,,,,,,,,,,,,,,,,,,,,,,,,,,,,,,,,,,,,,,,,,,,,,,,,,,,,,,,,,,,,,,,,,,,,,,,,,,,,,,,,,,,,,,,,,,,,,,,,,,,,,,,,,,,,,,,,,,,,,,,,,,,,,,,,,,,,,,,,,,,,,,,,,,,,,,,,,,,,,,,,,,,,,,,,,,,,,,,,,,,,,,,,,,,,,,,,,,,,,,,,,,,,,,,,,,,,,,,,,,,,,,,,,,,,,,,,,,,,,,,,,,,,,,,,,,,,,,,,,,,,,,,,,,,,,,,,,,,,,,,,,,,,,,,,,,,,,,,,,,,,,,,,,,,,,,,,,,,,,,,,,,,,,,,,,,,,,,,,,,,,,,,,,,,,,,,,,,,,,,,,,,,,,,,,,,,,,,,,,,,,,,,,,,,,,,,,,,,,,,,,,,,,,,,,,,,,,,,,,,,,,,,,,,,,,,,,,,,,,,,,,,,,,,,,,,,,,,,,,,,,,,,,,,,,,,,,,,,,,,,,,,,,,,,,,,,,,,,,,,,,,,,,,,,,,,,,,,,,,,,,,,,,,,,,,,,,,,,,,,,,,,,,,,,,,,,,,,,,,,,,,,,,,,,,,,,,,,,,,,,,,,,,,,,,,,,,,,,,,,,,,,,,,,,,,,,,,,,,,,,,,,,,,,,,,,,,,,,,,,,,,,,,,,,,,,,,,,,,,,,,,,,,,,,,,,,,,,,,,,,,,,,,,,,,,,,,,,,,,,,,,,,,,,,,,,,,,,,,,,,,,,,,,
,,개화 화방       ,,,,,,,,,,,,,,,,,,,,,,,,,,,,,,,,,,,,,,,,,,,,,,,,,,,,,,,,,,,,,,,,,,,,,,,,,,,,,,,,,,,,,,,,,,,,,,,,,,,,,,,,,,,,,,,,,,,,,,,,,,,,,,,,,,,,,,,,,,,,,,,,,,,,,,,,,,,,,,,,,,,,,,,,,,,,,,,,,,,,,,,,,,,,,,,,,,,,,,,,,,,,,,,,,,,,,,,,,,,,,,,,,,,,,,,,,,,,,,,,,,,,,,,,,,,,,,,,,,,,,,,,,,,,,,,,,,,,,,,,,,,,,,,,,,,,,,,,,,,,,,,,,,,,,,,,,,,,,,,,,,,,,,,,,,,,,,,,,,,,,,,,,,,,,,,,,,,,,,,,,,,,,,,,,,,,,,,,,,,,,,,,,,,,,,,,,,,,,,,,,,,,,,,,,,,,,,,,,,,,,,,,,,,,,,,,,,,,,,,,,,,,,,,,,,,,,,,,,,,,,,,,,,,,,,,,,,,,,,,,,,,,,,,,,,,,,,,,,,,,,,,,,,,,,,,,,,,,,,,,,,,,,,,,,,,,,,,,,,,,,,,,,,,,,,,,,,,,,,,,,,,,,,,,,,,,,,,,,,,,,,,,,,,,,,,,,,,,,,,,,,,,,,,,,,,,,,,,,,,,,,,,,,,,,,,,,,,,,,,,,,,,,,,,,,,,,,,,,,,,,,,,,,,,,,,,,,,,,,,,,,,,,,,,,,,,,,,,,,,,,,,,,,,,,,,,,,,,,,,,,,,,,,,,,,,,,,,,,,,,,,,,,,,,,,,,,,,,,,,,,,,,,,,,,,,,,,,,,,,,,,,,,,,,,,,,,,,,,,,,,,,,,,,,,,,,,,,,,,,,,,,,,,,,,,,,,,,,,,,,,,,,,,,,,,,,,,,,,,,,,,,
,,착과 화방 ,,,,,,,,,,,,,,,,,,,,,,,,,,,,,,,,,,,,,,,,,,,,,,,,,,,,,,,,,,,,,,,,,,,,,,,,,,,,,,,,,,,,,,,,,,,,,,,,,,,,,,,,,,,,,,,,,,,,,,,,,,,,,,,,,,,,,,,,,,,,,,,,,,,,,,,,,,,,,,,,,,,,,,,,,,,,,,,,,,,,,,,,,,,,,,,,,,,,,,,,,,,,,,,,,,,,,,,,,,,,,,,,,,,,,,,,,,,,,,,,,,,,,,,,,,,,,,,,,,,,,,,,,,,,,,,,,,,,,,,,,,,,,,,,,,,,,,,,,,,,,,,,,,,,,,,,,,,,,,,,,,,,,,,,,,,,,,,,,,,,,,,,,,,,,,,,,,,,,,,,,,,,,,,,,,,,,,,,,,,,,,,,,,,,,,,,,,,,,,,,,,,,,,,,,,,,,,,,,,,,,,,,,,,,,,,,,,,,,,,,,,,,,,,,,,,,,,,,,,,,,,,,,,,,,,,,,,,,,,,,,,,,,,,,,,,,,,,,,,,,,,,,,,,,,,,,,,,,,,,,,,,,,,,,,,,,,,,,,,,,,,,,,,,,,,,,,,,,,,,,,,,,,,,,,,,,,,,,,,,,,,,,,,,,,,,,,,,,,,,,,,,,,,,,,,,,,,,,,,,,,,,,,,,,,,,,,,,,,,,,,,,,,,,,,,,,,,,,,,,,,,,,,,,,,,,,,,,,,,,,,,,,,,,,,,,,,,,,,,,,,,,,,,,,,,,,,,,,,,,,,,,,,,,,,,,,,,,,,,,,,,,,,,,,,,,,,,,,,,,,,,,,,,,,,,,,,,,,,,,,,,,,,,,,,,,,,,,,,,,,,,,,,,,,,,,,,,,,,,,,,,,,,,,,,,,,,,,,,,,,,,,,,,,,,,,,,,,,,,,,,,,
,,수확 화방 ,,,,,,,,,,,,,,,,,,,,,,,,,,,,,,,,,,,,,,,,,,,,,,,,,,,,,,,,,,,,,,,,,,,,,,,,,,,,,,,,,,,,,,,,,,,,,,,,,,,,,,,,,,,,,,,,,,,,,,,,,,,,,,,,,,,,,,,,,,,,,,,,,,,,,,,,,,,,,,,,,,,,,,,,,,,,,,,,,,,,,,,,,,,,,,,,,,,,,,,,,,,,,,,,,,,,,,,,,,,,,,,,,,,,,,,,,,,,,,,,,,,,,,,,,,,,,,,,,,,,,,,,,,,,,,,,,,,,,,,,,,,,,,,,,,,,,,,,,,,,,,,,,,,,,,,,,,,,,,,,,,,,,,,,,,,,,,,,,,,,,,,,,,,,,,,,,,,,,,,,,,,,,,,,,,,,,,,,,,,,,,,,,,,,,,,,,,,,,,,,,,,,,,,,,,,,,,,,,,,,,,,,,,,,,,,,,,,,,,,,,,,,,,,,,,,,,,,,,,,,,,,,,,,,,,,,,,,,,,,,,,,,,,,,,,,,,,,,,,,,,,,,,,,,,,,,,,,,,,,,,,,,,,,,,,,,,,,,,,,,,,,,,,,,,,,,,,,,,,,,,,,,,,,,,,,,,,,,,,,,,,,,,,,,,,,,,,,,,,,,,,,,,,,,,,,,,,,,,,,,,,,,,,,,,,,,,,,,,,,,,,,,,,,,,,,,,,,,,,,,,,,,,,,,,,,,,,,,,,,,,,,,,,,,,,,,,,,,,,,,,,,,,,,,,,,,,,,,,,,,,,,,,,,,,,,,,,,,,,,,,,,,,,,,,,,,,,,,,,,,,,,,,,,,,,,,,,,,,,,,,,,,,,,,,,,,,,,,,,,,,,,,,,,,,,,,,,,,,,,,,,,,,,,,,,,,,,,,,,,,,,,,,,,,,,,,,,,,,,,,,,,
,,총 과일 수 ,,,,,,,,,,,,,,,,,,,,,,,,,,,,,,,,,,,,,,,,,,,,,,,,,,,,,,,,,,,,,,,,,,,,,,,,,,,,,,,,,,,,,,,,,,,,,,,,,,,,,,,,,,,,,,,,,,,,,,,,,,,,,,,,,,,,,,,,,,,,,,,,,,,,,,,,,,,,,,,,,,,,,,,,,,,,,,,,,,,,,,,,,,,,,,,,,,,,,,,,,,,,,,,,,,,,,,,,,,,,,,,,,,,,,,,,,,,,,,,,,,,,,,,,,,,,,,,,,,,,,,,,,,,,,,,,,,,,,,,,,,,,,,,,,,,,,,,,,,,,,,,,,,,,,,,,,,,,,,,,,,,,,,,,,,,,,,,,,,,,,,,,,,,,,,,,,,,,,,,,,,,,,,,,,,,,,,,,,,,,,,,,,,,,,,,,,,,,,,,,,,,,,,,,,,,,,,,,,,,,,,,,,,,,,,,,,,,,,,,,,,,,,,,,,,,,,,,,,,,,,,,,,,,,,,,,,,,,,,,,,,,,,,,,,,,,,,,,,,,,,,,,,,,,,,,,,,,,,,,,,,,,,,,,,,,,,,,,,,,,,,,,,,,,,,,,,,,,,,,,,,,,,,,,,,,,,,,,,,,,,,,,,,,,,,,,,,,,,,,,,,,,,,,,,,,,,,,,,,,,,,,,,,,,,,,,,,,,,,,,,,,,,,,,,,,,,,,,,,,,,,,,,,,,,,,,,,,,,,,,,,,,,,,,,,,,,,,,,,,,,,,,,,,,,,,,,,,,,,,,,,,,,,,,,,,,,,,,,,,,,,,,,,,,,,,,,,,,,,,,,,,,,,,,,,,,,,,,,,,,,,,,,,,,,,,,,,,,,,,,,,,,,,,,,,,,,,,,,,,,,,,,,,,,,,,,,,,,,,,,,,,,,,,,,,,,,,,,,,,,,,,
,,,,,,,,,,,,,,,,,,,,,,,,,,,,,,,,,,,,,,,,,,,,,,,,,,,,,,,,,,,,,,,,,,,,,,,,,,,,,,,,,,,,,,,,,,,,,,,,,,,,,,,,,,,,,,,,,,,,,,,,,,,,,,,,,,,,,,,,,,,,,,,,,,,,,,,,,,,,,,,,,,,,,,,,,,,,,,,,,,,,,,,,,,,,,,,,,,,,,,,,,,,,,,,,,,,,,,,,,,,,,,,,,,,,,,,,,,,,,,,,,,,,,,,,,,,,,,,,,,,,,,,,,,,,,,,,,,,,,,,,,,,,,,,,,,,,,,,,,,,,,,,,,,,,,,,,,,,,,,,,,,,,,,,,,,,,,,,,,,,,,,,,,,,,,,,,,,,,,,,,,,,,,,,,,,,,,,,,,,,,,,,,,,,,,,,,,,,,,,,,,,,,,,,,,,,,,,,,,,,,,,,,,,,,,,,,,,,,,,,,,,,,,,,,,,,,,,,,,,,,,,,,,,,,,,,,,,,,,,,,,,,,,,,,,,,,,,,,,,,,,,,,,,,,,,,,,,,,,,,,,,,,,,,,,,,,,,,,,,,,,,,,,,,,,,,,,,,,,,,,,,,,,,,,,,,,,,,,,,,,,,,,,,,,,,,,,,,,,,,,,,,,,,,,,,,,,,,,,,,,,,,,,,,,,,,,,,,,,,,,,,,,,,,,,,,,,,,,,,,,,,,,,,,,,,,,,,,,,,,,,,,,,,,,,,,,,,,,,,,,,,,,,,,,,,,,,,,,,,,,,,,,,,,,,,,,,,,,,,,,,,,,,,,,,,,,,,,,,,,,,,,,,,,,,,,,,,,,,,,,,,,,,,,,,,,,,,,,,,,,,,,,,,,,,,,,,,,,,,,,,,,,,,,,,,,,,,,,,,,,,,,,,,,,,,,,,,,,,,,,,,,,,
#REF!,,작물 번호,5-1,,5-2,,5-3,,5-4,,5-1,,5-2,,5-3,,5-4,,5-1,,5-2,,5-3,,5-4,,5-1,,5-2,,5-3,,5-4,,5-1,,5-2,,5-3,,5-4,,5-1,5-1,5-1,5-1,5-1,5-1,5-1,5-1,5-1,5-1,5-1,5-1,5-1,5-1,5-1,5-1,5-1,5-1,5-1,5-1,5-1,5-1,5-1,5-1,5-1,5-1,5-1,5-1,5-1,5-1,,5-1,,5-2,,5-3,,5-4,,5-5,,5-6,,5-6,,5-6,,5-6,,5-6,,5-6,,5-6,,5-6,,5-6,,5-6,,5-6,,5-1,,5-2,,5-3,,5-4,,5-1,,5-2,,5-3,,5-4,,5-1,,5-2,,5-3,,5-4,,5-1,,5-2,,5-3,,5-4,,5-1,,5-2,,5-3,,5-4,,5-1,,5-2,,5-3,,5-4,,5-1,,5-2,,5-3,,5-4,,5-1,,5-2,,5-3,,5-4,,5-1,,5-2,,5-3,,5-4,,5-1,,5-2,,5-3,,5-4,,5-1,,5-2,,5-3,,5-4,,5-1,,5-2,,5-3,,5-4,,5-1,,5-2,,5-3,,5-4,,5-1,,5-2,,5-3,,5-4,,5-1,,5-2,,5-3,,5-4,,5-1,,5-2,,5-3,,5-4,,5-1,,5-2,,5-3,,5-4,,5-1,,5-2,,5-3,,5-4,,5-1,,5-2,,5-3,,5-4,,5-1,,5-2,,5-3,,5-4,,5-1,,5-2,,5-3,,5-4,,5-1,,5-2,,5-3,,5-4,,5-1,,5-2,,5-3,,5-4,,5-1,,5-2,,5-3,,5-4,,5-1,,5-2,,5-3,,5-4,,5-1,,5-2,,5-3,,5-4,,5-1,,5-2,,5-3,,5-4,,5-1,,5-2,,5-3,,5-4,,5-1,,5-2,,5-3,,5-4,,5-1,,5-2,,5-3,,5-4,,5-1,,5-2,,5-3,,5-4,,5-1,,5-2,,5-3,,5-4,,5-1,,5-2,,5-3,,5-4,,5-1,,5-2,,5-3,,5-4,,5-1,,5-2,,5-3,,5-4,,5-1,,5-2,,5-3,,5-4,,5-1,,5-2,,5-3,,5-4,,5-1,,5-2,,5-3,,5-4,,5-1,,5-2,,5-3,,5-4,,5-1,,5-2,,5-3,,5-4,,5-1,,5-2,,5-3,,5-4,,5-1,,5-2,,5-3,,5-4,,5-1,,5-2,,5-3,,5-4,,5-1,,5-2,,5-3,,5-4,,5-1,,5-2,,5-3,,5-4,,5-1,,5-2,,5-3,,5-4,,5-1,,5-2,,5-3,,5-4,,5-1,,5-2,,5-3,,5-4,,5-1,,5-2,,5-3,,5-4,,5-1,,5-2,,5-3,,5-4,,5-1,,5-2,,5-3,,5-4,,5-1,,5-2,,5-3,,5-4,,5-1,,5-2,,5-3,,5-4,,5-1,,5-2,,5-3,,5-4,,5-1,,5-2,,5-3,,5-4,,5-1,,5-2,,5-3,,5-4,,5-1,,5-2,,5-3,,5-4,,5-1,,5-2,,5-3,,5-4,,5-1,,5-2,,5-3,,5-4,,5-1,,5-2,,5-3,,5-4,,5-1,,5-2,,5-3,,5-4,,5-1,,5-2,,5-3,,5-4,,5-1,,5-2,,5-3,,5-4,,5-1,,5-2,,5-3,,5-4,,5-1,,5-2,,5-3,,5-4,,5-1,,5-2,,5-3,,5-4,,5-1,,5-2,,5-3,,5-4,,5-1,,5-2,,5-3,,5-4,,5-1,,5-2,,5-3,,5-4,,5-1,,5-2,,5-3,,5-4,,5-1,,5-2,,5-3,,5-4,,5-1,,5-2,,5-3,,5-4,,5-1,,5-2,,5-3,,5-4,,5-1,,5-2,,5-3,,5-4,,5-1,,5-2,,5-3,,5-4,,5-1,,5-2,,5-3,,5-4,,5-1,,5-2,,5-3,,5-4,,5-1,,5-2,,5-3,,5-4,,5-1,,5-2,,5-3,,5-4,,5-1,,5-2,,5-3,,5-4,,5-1,,5-2,,5-3,,5-4,,5-1,,5-2,,5-3,,5-4,,5-1,,5-2,,5-3,,5-4,,5-1,,5-2,,5-3,,5-4,,5-1,,5-2,,5-3,,5-4,,5-1,,5-2,,5-3,,5-4,,5-1,,5-2,,5-3,,5-4,,5-1,,5-2,,5-3,,5-4,,5-1,,5-2,,5-3,,5-4,,5-1,,5-2,,5-3,,5-4,,5-1,,5-2,,5-3,,5-4,,5-1,,5-2,,5-3,,5-4,,5-1,,5-2,,5-3,,5-4,,5-1,,5-2,,5-3,,5-4,,5-1,,5-2,,5-3,,5-4,
,,주지 / 측지,주지,측지,주지,측지,주지,측지,주지,측지,주지,측지,주지,측지,주지,측지,주지,측지,주지,측지,주지,측지,주지,측지,주지,측지,주지,측지,주지,측지,주지,측지,주지,측지,주지,측지,주지,측지,주지,측지,주지,측지,주지,주지,주지,주지,주지,주지,주지,주지,주지,주지,주지,주지,주지,주지,주지,주지,주지,주지,주지,주지,주지,주지,주지,주지,주지,주지,주지,주지,주지,주지,,주지,측지,주지,측지,주지,측지,주지,측지,주지,측지,주지,측지,주지,측지,주지,측지,주지,측지,주지,측지,주지,측지,주지,측지,주지,측지,주지,측지,주지,측지,주지,측지,주지,측지,주지,측지,주지,측지,주지,측지,주지,측지,주지,측지,주지,측지,주지,측지,주지,측지,주지,측지,주지,측지,주지,측지,주지,측지,주지,측지,주지,측지,주지,측지,주지,측지,주지,측지,주지,측지,주지,측지,주지,측지,주지,측지,주지,측지,주지,측지,주지,측지,주지,측지,주지,측지,주지,측지,주지,측지,주지,측지,주지,측지,주지,측지,주지,측지,주지,측지,주지,측지,주지,측지,주지,측지,주지,측지,주지,측지,주지,측지,주지,측지,주지,측지,주지,측지,주지,측지,주지,측지,주지,측지,주지,측지,주지,측지,주지,측지,주지,측지,주지,측지,주지,측지,주지,측지,주지,측지,주지,측지,주지,측지,주지,측지,주지,측지,주지,측지,주지,측지,주지,측지,주지,측지,주지,측지,주지,측지,주지,측지,주지,측지,주지,측지,주지,측지,주지,측지,주지,측지,주지,측지,주지,측지,주지,측지,주지,측지,주지,측지,주지,측지,주지,측지,주지,측지,주지,측지,주지,측지,주지,측지,주지,측지,주지,측지,주지,측지,주지,측지,주지,측지,주지,측지,주지,측지,주지,측지,주지,측지,주지,측지,주지,측지,주지,측지,주지,측지,주지,측지,주지,측지,주지,측지,주지,측지,주지,측지,주지,측지,주지,측지,주지,측지,주지,측지,주지,측지,주지,측지,주지,측지,주지,측지,주지,측지,주지,측지,주지,측지,주지,측지,주지,측지,주지,측지,주지,측지,주지,측지,주지,측지,주지,측지,주지,측지,주지,측지,주지,측지,주지,측지,주지,측지,주지,측지,주지,측지,주지,측지,주지,측지,주지,측지,주지,측지,주지,측지,주지,측지,주지,측지,주지,측지,주지,측지,주지,측지,주지,측지,주지,측지,주지,측지,주지,측지,주지,측지,주지,측지,주지,측지,주지,측지,주지,측지,주지,측지,주지,측지,주지,측지,주지,측지,주지,측지,주지,측지,주지,측지,주지,측지,주지,측지,주지,측지,주지,측지,주지,측지,주지,측지,주지,측지,주지,측지,주지,측지,주지,측지,주지,측지,주지,측지,주지,측지,주지,측지,주지,측지,주지,측지,주지,측지,주지,측지,주지,측지,주지,측지,주지,측지,주지,측지,주지,측지,주지,측지,주지,측지,주지,측지,주지,측지,주지,측지,주지,측지,주지,측지,주지,측지,주지,측지,주지,측지,주지,측지,주지,측지,주지,측지,주지,측지,주지,측지,주지,측지,주지,측지,주지,측지,주지,측지,주지,측지,주지,측지,주지,측지,주지,측지,주지,측지,주지,측지,주지,측지,주지,측지,주지,측지,주지,측지,주지,측지,주지,측지,주지,측지,주지,측지,주지,측지,주지,측지,주지,측지,주지,측지,주지,측지,주지,측지,주지,측지,주지,측지,주지,측지,주지,측지,주지,측지,주지,측지,주지,측지,주지,측지,주지,측지,주지,측지,주지,측지,주지,측지,주지,측지,주지,측지,주지,측지,주지,측지,주지,측지,주지,측지,주지,측지,주지,측지,주지,측지,주지,측지,주지,측지,주지,측지,주지,측지,주지,측지,주지,측지,주지,측지,주지,측지,주지,측지,주지,측지,주지,측지,주지,측지,주지,측지,주지,측지,주지,측지,주지,측지,주지,측지,주지,측지,주지,측지,주지,측지,주지,측지,주지,측지,주지,측지,주지,측지,주지,측지,주지,측지,주지,측지,주지,측지,주지,측지,주지,측지,주지,측지,주지,측지,주지,측지,주지,측지,주지,측지,주지,측지,주지,측지,주지,측지,주지,측지,주지,측지,주지,측지,주지,측지,주지,측지,주지,측지,주지,측지,주지,측지,주지,측지,주지,측지,주지,측지,주지,측지,주지,측지,주지,측지,주지,측지,주지,측지,주지,측지,주지,측지,주지,측지,주지,측지,주지,측지,주지,측지,주지,측지,주지,측지,주지,측지,주지,측지,주지,측지,주지,측지,주지,측지,주지,측지,주지,측지,주지,측지,주지,측지,주지,측지,주지,측지,주지,측지,주지,측지,주지,측지,주지,측지,주지,측지,주지,측지,주지,측지,주지,측지,주지,측지,주지,측지,주지,측지,주지,측지,주지,측지,주지,측지,주지,측지,주지,측지,주지,측지,주지,측지,주지,측지,주지,측지,주지,측지,주지,측지,주지,측지,주지,측지,주지,측지,주지,측지,주지,측지,주지,측지,주지,측지,주지,측지,주지,측지,주지,측지,주지,측지,주지,측지,주지,측지,주지,측지,주지,측지,주지,측지,주지,측지,주지,측지,주지,측지,주지,측지,주지,측지,주지,측지,주지,측지,주지,측지,주지,측지,주지,측지,주지,측지,주지,측지,주지,측지,주지,측지,주지,측지,주지,측지,주지,측지,주지,측지,주지,측지,주지,측지,주지,측지,주지,측지,주지,측지,주지,측지,주지,측지,주지,측지,주지,측지,주지,측지,주지,측지,주지,측지,주지,측지,주지,측지,주지,측지,주지,측지,주지,측지,주지,측지
5 구 역,생육조사,주간 생장길이 (cm),,,,,,,,,,,,,,,,,,,,,,,,,,,,,,,,,,,,,,,,,,,,,,,,,,,,,,,,,,,,,,,,,,,,,,,,,,,,,,,,,,,,,,,,,,,,,,,,,,,,,,,,,,,,,,,,,,,,,,,,,,,,,,,,,,,,,,,,,,,,,,,,,,,,,,,,,,,,,,,,,,,,,,,,,,,,,,,,,,,,,,,,,,,,,,,,,,,,,,,,,,,,,,,,,,,,,,,,,,,,,,,,,,,,,,,,,,,,,,,,,,,,,,,,,,,,,,,,,,,,,,,,,,,,,,,,,,,,,,,,,,,,,,,,,,,,,,,,,,,,,,,,,,,,,,,,,,,,,,,,,,,,,,,,,,,,,,,,,,,,,,,,,,,,,,,,,,,,,,,,,,,,,,,,,,,,,,,,,,,,,,,,,,,,,,,,,,,,,,,,,,,,,,,,,,,,,,,,,,,,,,,,,,,,,,,,,,,,,,,,,,,,,,,,,,,,,,,,,,,,,,,,,,,,,,,,,,,,,,,,,,,,,,,,,,,,,,,,,,,,,,,,,,,,,,,,,,,,,,,,,,,,,,,,,,,,,,,,,,,,,,,,,,,,,,,,,,,,,,,,,,,,,,,,,,,,,,,,,,,,,,,,,,,,,,,,,,,,,,,,,,,,,,,,,,,,,,,,,,,,,,,,,,,,,,,,,,,,,,,,,,,,,,,,,,,,,,,,,,,,,,,,,,,,,,,,,,,,,,,,,,,,,,,,,,,,,,,,,,,,,,,,,,,,,,,,,,,,,,,,,,,,,,,,,,,,,,,,,,,,,,,,,,,,,,,,,,,,,,,,,,,,,,,,,,,,,,,,,,,,,,,,,,,,,,,,,,,,,,,,,,,,,,,,,,,,,,,,,,,,,,,,,,,,,,,,,,,,,,,,,,,,,,,,,,,,,,,,,,,,,,,
,,잎의크기(엽장)  (cm) ,,,,,,,,,,,,,,,,,,,,,,,,,,,,,,,,,,,,,,,,,,,,,,,,,,,,,,,,,,,,,,,,,,,,,,,,,,,,,,,,,,,,,,,,,,,,,,,,,,,,,,,,,,,,,,,,,,,,,,,,,,,,,,,,,,,,,,,,,,,,,,,,,,,,,,,,,,,,,,,,,,,,,,,,,,,,,,,,,,,,,,,,,,,,,,,,,,,,,,,,,,,,,,,,,,,,,,,,,,,,,,,,,,,,,,,,,,,,,,,,,,,,,,,,,,,,,,,,,,,,,,,,,,,,,,,,,,,,,,,,,,,,,,,,,,,,,,,,,,,,,,,,,,,,,,,,,,,,,,,,,,,,,,,,,,,,,,,,,,,,,,,,,,,,,,,,,,,,,,,,,,,,,,,,,,,,,,,,,,,,,,,,,,,,,,,,,,,,,,,,,,,,,,,,,,,,,,,,,,,,,,,,,,,,,,,,,,,,,,,,,,,,,,,,,,,,,,,,,,,,,,,,,,,,,,,,,,,,,,,,,,,,,,,,,,,,,,,,,,,,,,,,,,,,,,,,,,,,,,,,,,,,,,,,,,,,,,,,,,,,,,,,,,,,,,,,,,,,,,,,,,,,,,,,,,,,,,,,,,,,,,,,,,,,,,,,,,,,,,,,,,,,,,,,,,,,,,,,,,,,,,,,,,,,,,,,,,,,,,,,,,,,,,,,,,,,,,,,,,,,,,,,,,,,,,,,,,,,,,,,,,,,,,,,,,,,,,,,,,,,,,,,,,,,,,,,,,,,,,,,,,,,,,,,,,,,,,,,,,,,,,,,,,,,,,,,,,,,,,,,,,,,,,,,,,,,,,,,,,,,,,,,,,,,,,,,,,,,,,,,,,,,,,,,,,,,,,,,,,,,,,,,,,,,,,,,,,,,,,,,,,,,,,,,,,,,,,,,,,,,,,,
,,잎의크기(엽폭)  (cm)  ,,,,,,,,,,,,,,,,,,,,,,,,,,,,,,,,,,,,,,,,,,,,,,,,,,,,,,,,,,,,,,,,,,,,,,,,,,,,,,,,,,,,,,,,,,,,,,,,,,,,,,,,,,,,,,,,,,,,,,,,,,,,,,,,,,,,,,,,,,,,,,,,,,,,,,,,,,,,,,,,,,,,,,,,,,,,,,,,,,,,,,,,,,,,,,,,,,,,,,,,,,,,,,,,,,,,,,,,,,,,,,,,,,,,,,,,,,,,,,,,,,,,,,,,,,,,,,,,,,,,,,,,,,,,,,,,,,,,,,,,,,,,,,,,,,,,,,,,,,,,,,,,,,,,,,,,,,,,,,,,,,,,,,,,,,,,,,,,,,,,,,,,,,,,,,,,,,,,,,,,,,,,,,,,,,,,,,,,,,,,,,,,,,,,,,,,,,,,,,,,,,,,,,,,,,,,,,,,,,,,,,,,,,,,,,,,,,,,,,,,,,,,,,,,,,,,,,,,,,,,,,,,,,,,,,,,,,,,,,,,,,,,,,,,,,,,,,,,,,,,,,,,,,,,,,,,,,,,,,,,,,,,,,,,,,,,,,,,,,,,,,,,,,,,,,,,,,,,,,,,,,,,,,,,,,,,,,,,,,,,,,,,,,,,,,,,,,,,,,,,,,,,,,,,,,,,,,,,,,,,,,,,,,,,,,,,,,,,,,,,,,,,,,,,,,,,,,,,,,,,,,,,,,,,,,,,,,,,,,,,,,,,,,,,,,,,,,,,,,,,,,,,,,,,,,,,,,,,,,,,,,,,,,,,,,,,,,,,,,,,,,,,,,,,,,,,,,,,,,,,,,,,,,,,,,,,,,,,,,,,,,,,,,,,,,,,,,,,,,,,,,,,,,,,,,,,,,,,,,,,,,,,,,,,,,,,,,,,,,,,,,,,,,,,,,,,,,,,,,,,,,,
,,줄기당 엽수 (매),,,,,,,,,,,,,,,,,,,,,,,,,,,,,,,,,,,,,,,,,,,,,,,,,,,,,,,,,,,,,,,,,,,,,,,,,,,,,,,,,,,,,,,,,,,,,,,,,,,,,,,,,,,,,,,,,,,,,,,,,,,,,,,,,,,,,,,,,,,,,,,,,,,,,,,,,,,,,,,,,,,,,,,,,,,,,,,,,,,,,,,,,,,,,,,,,,,,,,,,,,,,,,,,,,,,,,,,,,,,,,,,,,,,,,,,,,,,,,,,,,,,,,,,,,,,,,,,,,,,,,,,,,,,,,,,,,,,,,,,,,,,,,,,,,,,,,,,,,,,,,,,,,,,,,,,,,,,,,,,,,,,,,,,,,,,,,,,,,,,,,,,,,,,,,,,,,,,,,,,,,,,,,,,,,,,,,,,,,,,,,,,,,,,,,,,,,,,,,,,,,,,,,,,,,,,,,,,,,,,,,,,,,,,,,,,,,,,,,,,,,,,,,,,,,,,,,,,,,,,,,,,,,,,,,,,,,,,,,,,,,,,,,,,,,,,,,,,,,,,,,,,,,,,,,,,,,,,,,,,,,,,,,,,,,,,,,,,,,,,,,,,,,,,,,,,,,,,,,,,,,,,,,,,,,,,,,,,,,,,,,,,,,,,,,,,,,,,,,,,,,,,,,,,,,,,,,,,,,,,,,,,,,,,,,,,,,,,,,,,,,,,,,,,,,,,,,,,,,,,,,,,,,,,,,,,,,,,,,,,,,,,,,,,,,,,,,,,,,,,,,,,,,,,,,,,,,,,,,,,,,,,,,,,,,,,,,,,,,,,,,,,,,,,,,,,,,,,,,,,,,,,,,,,,,,,,,,,,,,,,,,,,,,,,,,,,,,,,,,,,,,,,,,,,,,,,,,,,,,,,,,,,,,,,,,,,,,,,,,,,,,,,,,,,,,,,,,,,,,,,,,
,,줄기 굵기 (mm),,,,,,,,,,,,,,,,,,,,,,,,,,,,,,,,,,,,,,,,,,,,,,,,,,,,,,,,,,,,,,,,,,,,,,,,,,,,,,,,,,,,,,,,,,,,,,,,,,,,,,,,,,,,,,,,,,,,,,,,,,,,,,,,,,,,,,,,,,,,,,,,,,,,,,,,,,,,,,,,,,,,,,,,,,,,,,,,,,,,,,,,,,,,,,,,,,,,,,,,,,,,,,,,,,,,,,,,,,,,,,,,,,,,,,,,,,,,,,,,,,,,,,,,,,,,,,,,,,,,,,,,,,,,,,,,,,,,,,,,,,,,,,,,,,,,,,,,,,,,,,,,,,,,,,,,,,,,,,,,,,,,,,,,,,,,,,,,,,,,,,,,,,,,,,,,,,,,,,,,,,,,,,,,,,,,,,,,,,,,,,,,,,,,,,,,,,,,,,,,,,,,,,,,,,,,,,,,,,,,,,,,,,,,,,,,,,,,,,,,,,,,,,,,,,,,,,,,,,,,,,,,,,,,,,,,,,,,,,,,,,,,,,,,,,,,,,,,,,,,,,,,,,,,,,,,,,,,,,,,,,,,,,,,,,,,,,,,,,,,,,,,,,,,,,,,,,,,,,,,,,,,,,,,,,,,,,,,,,,,,,,,,,,,,,,,,,,,,,,,,,,,,,,,,,,,,,,,,,,,,,,,,,,,,,,,,,,,,,,,,,,,,,,,,,,,,,,,,,,,,,,,,,,,,,,,,,,,,,,,,,,,,,,,,,,,,,,,,,,,,,,,,,,,,,,,,,,,,,,,,,,,,,,,,,,,,,,,,,,,,,,,,,,,,,,,,,,,,,,,,,,,,,,,,,,,,,,,,,,,,,,,,,,,,,,,,,,,,,,,,,,,,,,,,,,,,,,,,,,,,,,,,,,,,,,,,,,,,,,,,,,,,,,,,,,,,,,,,,,,,,,
,화방조사,개화 화방의 높이 (cm)    ,,,,,,,,,,,,,,,,,,,,,,,,,,,,,,,,,,,,,,,,,,,,,,,,,,,,,,,,,,,,,,,,,,,,,,,,,,,,,,,,,,,,,,,,,,,,,,,,,,,,,,,,,,,,,,,,,,,,,,,,,,,,,,,,,,,,,,,,,,,,,,,,,,,,,,,,,,,,,,,,,,,,,,,,,,,,,,,,,,,,,,,,,,,,,,,,,,,,,,,,,,,,,,,,,,,,,,,,,,,,,,,,,,,,,,,,,,,,,,,,,,,,,,,,,,,,,,,,,,,,,,,,,,,,,,,,,,,,,,,,,,,,,,,,,,,,,,,,,,,,,,,,,,,,,,,,,,,,,,,,,,,,,,,,,,,,,,,,,,,,,,,,,,,,,,,,,,,,,,,,,,,,,,,,,,,,,,,,,,,,,,,,,,,,,,,,,,,,,,,,,,,,,,,,,,,,,,,,,,,,,,,,,,,,,,,,,,,,,,,,,,,,,,,,,,,,,,,,,,,,,,,,,,,,,,,,,,,,,,,,,,,,,,,,,,,,,,,,,,,,,,,,,,,,,,,,,,,,,,,,,,,,,,,,,,,,,,,,,,,,,,,,,,,,,,,,,,,,,,,,,,,,,,,,,,,,,,,,,,,,,,,,,,,,,,,,,,,,,,,,,,,,,,,,,,,,,,,,,,,,,,,,,,,,,,,,,,,,,,,,,,,,,,,,,,,,,,,,,,,,,,,,,,,,,,,,,,,,,,,,,,,,,,,,,,,,,,,,,,,,,,,,,,,,,,,,,,,,,,,,,,,,,,,,,,,,,,,,,,,,,,,,,,,,,,,,,,,,,,,,,,,,,,,,,,,,,,,,,,,,,,,,,,,,,,,,,,,,,,,,,,,,,,,,,,,,,,,,,,,,,,,,,,,,,,,,,,,,,,,,,,,,,,,,,,,,,,,,,,,,,,,
,,개화 화방의 길이(cm)   ,,,,,,,,,,,,,,,,,,,,,,,,,,,,,,,,,,,,,,,,,,,,,,,,,,,,,,,,,,,,,,,,,,,,,,,,,,,,,,,,,,,,,,,,,,,,,,,,,,,,,,,,,,,,,,,,,,,,,,,,,,,,,,,,,,,,,,,,,,,,,,,,,,,,,,,,,,,,,,,,,,,,,,,,,,,,,,,,,,,,,,,,,,,,,,,,,,,,,,,,,,,,,,,,,,,,,,,,,,,,,,,,,,,,,,,,,,,,,,,,,,,,,,,,,,,,,,,,,,,,,,,,,,,,,,,,,,,,,,,,,,,,,,,,,,,,,,,,,,,,,,,,,,,,,,,,,,,,,,,,,,,,,,,,,,,,,,,,,,,,,,,,,,,,,,,,,,,,,,,,,,,,,,,,,,,,,,,,,,,,,,,,,,,,,,,,,,,,,,,,,,,,,,,,,,,,,,,,,,,,,,,,,,,,,,,,,,,,,,,,,,,,,,,,,,,,,,,,,,,,,,,,,,,,,,,,,,,,,,,,,,,,,,,,,,,,,,,,,,,,,,,,,,,,,,,,,,,,,,,,,,,,,,,,,,,,,,,,,,,,,,,,,,,,,,,,,,,,,,,,,,,,,,,,,,,,,,,,,,,,,,,,,,,,,,,,,,,,,,,,,,,,,,,,,,,,,,,,,,,,,,,,,,,,,,,,,,,,,,,,,,,,,,,,,,,,,,,,,,,,,,,,,,,,,,,,,,,,,,,,,,,,,,,,,,,,,,,,,,,,,,,,,,,,,,,,,,,,,,,,,,,,,,,,,,,,,,,,,,,,,,,,,,,,,,,,,,,,,,,,,,,,,,,,,,,,,,,,,,,,,,,,,,,,,,,,,,,,,,,,,,,,,,,,,,,,,,,,,,,,,,,,,,,,,,,,,,,,,,,,,,,,,,,,,,,,,,,,,,,,,,,
,,개화 화방       ,,,,,,,,,,,,,,,,,,,,,,,,,,,,,,,,,,,,,,,,,,,,,,,,,,,,,,,,,,,,,,,,,,,,,,,,,,,,,,,,,,,,,,,,,,,,,,,,,,,,,,,,,,,,,,,,,,,,,,,,,,,,,,,,,,,,,,,,,,,,,,,,,,,,,,,,,,,,,,,,,,,,,,,,,,,,,,,,,,,,,,,,,,,,,,,,,,,,,,,,,,,,,,,,,,,,,,,,,,,,,,,,,,,,,,,,,,,,,,,,,,,,,,,,,,,,,,,,,,,,,,,,,,,,,,,,,,,,,,,,,,,,,,,,,,,,,,,,,,,,,,,,,,,,,,,,,,,,,,,,,,,,,,,,,,,,,,,,,,,,,,,,,,,,,,,,,,,,,,,,,,,,,,,,,,,,,,,,,,,,,,,,,,,,,,,,,,,,,,,,,,,,,,,,,,,,,,,,,,,,,,,,,,,,,,,,,,,,,,,,,,,,,,,,,,,,,,,,,,,,,,,,,,,,,,,,,,,,,,,,,,,,,,,,,,,,,,,,,,,,,,,,,,,,,,,,,,,,,,,,,,,,,,,,,,,,,,,,,,,,,,,,,,,,,,,,,,,,,,,,,,,,,,,,,,,,,,,,,,,,,,,,,,,,,,,,,,,,,,,,,,,,,,,,,,,,,,,,,,,,,,,,,,,,,,,,,,,,,,,,,,,,,,,,,,,,,,,,,,,,,,,,,,,,,,,,,,,,,,,,,,,,,,,,,,,,,,,,,,,,,,,,,,,,,,,,,,,,,,,,,,,,,,,,,,,,,,,,,,,,,,,,,,,,,,,,,,,,,,,,,,,,,,,,,,,,,,,,,,,,,,,,,,,,,,,,,,,,,,,,,,,,,,,,,,,,,,,,,,,,,,,,,,,,,,,,,,,,,,,,,,,,,,,,,,,,,,,,,,,,,,,
,,착과 화방 ,,,,,,,,,,,,,,,,,,,,,,,,,,,,,,,,,,,,,,,,,,,,,,,,,,,,,,,,,,,,,,,,,,,,,,,,,,,,,,,,,,,,,,,,,,,,,,,,,,,,,,,,,,,,,,,,,,,,,,,,,,,,,,,,,,,,,,,,,,,,,,,,,,,,,,,,,,,,,,,,,,,,,,,,,,,,,,,,,,,,,,,,,,,,,,,,,,,,,,,,,,,,,,,,,,,,,,,,,,,,,,,,,,,,,,,,,,,,,,,,,,,,,,,,,,,,,,,,,,,,,,,,,,,,,,,,,,,,,,,,,,,,,,,,,,,,,,,,,,,,,,,,,,,,,,,,,,,,,,,,,,,,,,,,,,,,,,,,,,,,,,,,,,,,,,,,,,,,,,,,,,,,,,,,,,,,,,,,,,,,,,,,,,,,,,,,,,,,,,,,,,,,,,,,,,,,,,,,,,,,,,,,,,,,,,,,,,,,,,,,,,,,,,,,,,,,,,,,,,,,,,,,,,,,,,,,,,,,,,,,,,,,,,,,,,,,,,,,,,,,,,,,,,,,,,,,,,,,,,,,,,,,,,,,,,,,,,,,,,,,,,,,,,,,,,,,,,,,,,,,,,,,,,,,,,,,,,,,,,,,,,,,,,,,,,,,,,,,,,,,,,,,,,,,,,,,,,,,,,,,,,,,,,,,,,,,,,,,,,,,,,,,,,,,,,,,,,,,,,,,,,,,,,,,,,,,,,,,,,,,,,,,,,,,,,,,,,,,,,,,,,,,,,,,,,,,,,,,,,,,,,,,,,,,,,,,,,,,,,,,,,,,,,,,,,,,,,,,,,,,,,,,,,,,,,,,,,,,,,,,,,,,,,,,,,,,,,,,,,,,,,,,,,,,,,,,,,,,,,,,,,,,,,,,,,,,,,,,,,,,,,,,,,,,,,,,,,,,,,,,,,,
,,수확 화방 ,,,,,,,,,,,,,,,,,,,,,,,,,,,,,,,,,,,,,,,,,,,,,,,,,,,,,,,,,,,,,,,,,,,,,,,,,,,,,,,,,,,,,,,,,,,,,,,,,,,,,,,,,,,,,,,,,,,,,,,,,,,,,,,,,,,,,,,,,,,,,,,,,,,,,,,,,,,,,,,,,,,,,,,,,,,,,,,,,,,,,,,,,,,,,,,,,,,,,,,,,,,,,,,,,,,,,,,,,,,,,,,,,,,,,,,,,,,,,,,,,,,,,,,,,,,,,,,,,,,,,,,,,,,,,,,,,,,,,,,,,,,,,,,,,,,,,,,,,,,,,,,,,,,,,,,,,,,,,,,,,,,,,,,,,,,,,,,,,,,,,,,,,,,,,,,,,,,,,,,,,,,,,,,,,,,,,,,,,,,,,,,,,,,,,,,,,,,,,,,,,,,,,,,,,,,,,,,,,,,,,,,,,,,,,,,,,,,,,,,,,,,,,,,,,,,,,,,,,,,,,,,,,,,,,,,,,,,,,,,,,,,,,,,,,,,,,,,,,,,,,,,,,,,,,,,,,,,,,,,,,,,,,,,,,,,,,,,,,,,,,,,,,,,,,,,,,,,,,,,,,,,,,,,,,,,,,,,,,,,,,,,,,,,,,,,,,,,,,,,,,,,,,,,,,,,,,,,,,,,,,,,,,,,,,,,,,,,,,,,,,,,,,,,,,,,,,,,,,,,,,,,,,,,,,,,,,,,,,,,,,,,,,,,,,,,,,,,,,,,,,,,,,,,,,,,,,,,,,,,,,,,,,,,,,,,,,,,,,,,,,,,,,,,,,,,,,,,,,,,,,,,,,,,,,,,,,,,,,,,,,,,,,,,,,,,,,,,,,,,,,,,,,,,,,,,,,,,,,,,,,,,,,,,,,,,,,,,,,,,,,,,,,,,,,,,,,,,,,,,,,,,
,,총 과일 수 ,,,,,,,,,,,,,,,,,,,,,,,,,,,,,,,,,,,,,,,,,,,,,,,,,,,,,,,,,,,,,,,,,,,,,,,,,,,,,,,,,,,,,,,,,,,,,,,,,,,,,,,,,,,,,,,,,,,,,,,,,,,,,,,,,,,,,,,,,,,,,,,,,,,,,,,,,,,,,,,,,,,,,,,,,,,,,,,,,,,,,,,,,,,,,,,,,,,,,,,,,,,,,,,,,,,,,,,,,,,,,,,,,,,,,,,,,,,,,,,,,,,,,,,,,,,,,,,,,,,,,,,,,,,,,,,,,,,,,,,,,,,,,,,,,,,,,,,,,,,,,,,,,,,,,,,,,,,,,,,,,,,,,,,,,,,,,,,,,,,,,,,,,,,,,,,,,,,,,,,,,,,,,,,,,,,,,,,,,,,,,,,,,,,,,,,,,,,,,,,,,,,,,,,,,,,,,,,,,,,,,,,,,,,,,,,,,,,,,,,,,,,,,,,,,,,,,,,,,,,,,,,,,,,,,,,,,,,,,,,,,,,,,,,,,,,,,,,,,,,,,,,,,,,,,,,,,,,,,,,,,,,,,,,,,,,,,,,,,,,,,,,,,,,,,,,,,,,,,,,,,,,,,,,,,,,,,,,,,,,,,,,,,,,,,,,,,,,,,,,,,,,,,,,,,,,,,,,,,,,,,,,,,,,,,,,,,,,,,,,,,,,,,,,,,,,,,,,,,,,,,,,,,,,,,,,,,,,,,,,,,,,,,,,,,,,,,,,,,,,,,,,,,,,,,,,,,,,,,,,,,,,,,,,,,,,,,,,,,,,,,,,,,,,,,,,,,,,,,,,,,,,,,,,,,,,,,,,,,,,,,,,,,,,,,,,,,,,,,,,,,,,,,,,,,,,,,,,,,,,,,,,,,,,,,,,,,,,,,,,,,,,,,,,,,,,,,,,,,,,,,,,
,,,,,,,,,,,,,,,,,,,,,,,,,,,,,,,,,,,,,,,,,,,,,,,,,,,,,,,,,,,,,,,,,,,,,,,,,,,,,,,,,,,,,,,,,,,,,,,,,,,,,,,,,,,,,,,,,,,,,,,,,,,,,,,,,,,,,,,,,,,,,,,,,,,,,,,,,,,,,,,,,,,,,,,,,,,,,,,,,,,,,,,,,,,,,,,,,,,,,,,,,,,,,,,,,,,,,,,,,,,,,,,,,,,,,,,,,,,,,,,,,,,,,,,,,,,,,,,,,,,,,,,,,,,,,,,,,,,,,,,,,,,,,,,,,,,,,,,,,,,,,,,,,,,,,,,,,,,,,,,,,,,,,,,,,,,,,,,,,,,,,,,,,,,,,,,,,,,,,,,,,,,,,,,,,,,,,,,,,,,,,,,,,,,,,,,,,,,,,,,,,,,,,,,,,,,,,,,,,,,,,,,,,,,,,,,,,,,,,,,,,,,,,,,,,,,,,,,,,,,,,,,,,,,,,,,,,,,,,,,,,,,,,,,,,,,,,,,,,,,,,,,,,,,,,,,,,,,,,,,,,,,,,,,,,,,,,,,,,,,,,,,,,,,,,,,,,,,,,,,,,,,,,,,,,,,,,,,,,,,,,,,,,,,,,,,,,,,,,,,,,,,,,,,,,,,,,,,,,,,,,,,,,,,,,,,,,,,,,,,,,,,,,,,,,,,,,,,,,,,,,,,,,,,,,,,,,,,,,,,,,,,,,,,,,,,,,,,,,,,,,,,,,,,,,,,,,,,,,,,,,,,,,,,,,,,,,,,,,,,,,,,,,,,,,,,,,,,,,,,,,,,,,,,,,,,,,,,,,,,,,,,,,,,,,,,,,,,,,,,,,,,,,,,,,,,,,,,,,,,,,,,,,,,,,,,,,,,,,,,,,,,,,,,,,,,,,,,,,,,,,,,,,
#REF!,,작물 번호,6-1,,6-2,,6-3,,6-4,,6-1,,6-2,,6-3,,6-4,,6-1,,6-2,,6-3,,6-4,,6-1,,6-2,,6-3,,6-4,,6-1,,6-2,,6-3,,6-4,,6-1,6-1,6-1,6-1,6-1,6-1,6-1,6-1,6-1,6-1,6-1,6-1,6-1,6-1,6-1,6-1,6-1,6-1,6-1,6-1,6-1,6-1,6-1,6-1,6-1,6-1,6-1,6-1,6-1,6-1,,6-1,,6-2,,6-3,,6-4,,6-5,,6-6,,6-6,,6-6,,6-6,,6-6,,6-6,,6-6,,6-6,,6-6,,6-6,,6-6,,6-1,,6-2,,6-3,,6-4,,6-1,,6-2,,6-3,,6-4,,6-1,,6-2,,6-3,,6-4,,6-1,,6-2,,6-3,,6-4,,6-1,,6-2,,6-3,,6-4,,6-1,,6-2,,6-3,,6-4,,6-1,,6-2,,6-3,,6-4,,6-1,,6-2,,6-3,,6-4,,6-1,,6-2,,6-3,,6-4,,6-1,,6-2,,6-3,,6-4,,6-1,,6-2,,6-3,,6-4,,6-1,,6-2,,6-3,,6-4,,6-1,,6-2,,6-3,,6-4,,6-1,,6-2,,6-3,,6-4,,6-1,,6-2,,6-3,,6-4,,6-1,,6-2,,6-3,,6-4,,6-1,,6-2,,6-3,,6-4,,6-1,,6-2,,6-3,,6-4,,6-1,,6-2,,6-3,,6-4,,6-1,,6-2,,6-3,,6-4,,6-1,,6-2,,6-3,,6-4,,6-1,,6-2,,6-3,,6-4,,6-1,,6-2,,6-3,,6-4,,6-1,,6-2,,6-3,,6-4,,6-1,,6-2,,6-3,,6-4,,6-1,,6-2,,6-3,,6-4,,6-1,,6-2,,6-3,,6-4,,6-1,,6-2,,6-3,,6-4,,6-1,,6-2,,6-3,,6-4,,6-1,,6-2,,6-3,,6-4,,6-1,,6-2,,6-3,,6-4,,6-1,,6-2,,6-3,,6-4,,6-1,,6-2,,6-3,,6-4,,6-1,,6-2,,6-3,,6-4,,6-1,,6-2,,6-3,,6-4,,6-1,,6-2,,6-3,,6-4,,6-1,,6-2,,6-3,,6-4,,6-1,,6-2,,6-3,,6-4,,6-1,,6-2,,6-3,,6-4,,6-1,,6-2,,6-3,,6-4,,6-1,,6-2,,6-3,,6-4,,6-1,,6-2,,6-3,,6-4,,6-1,,6-2,,6-3,,6-4,,6-1,,6-2,,6-3,,6-4,,6-1,,6-2,,6-3,,6-4,,6-1,,6-2,,6-3,,6-4,,6-1,,6-2,,6-3,,6-4,,6-1,,6-2,,6-3,,6-4,,6-1,,6-2,,6-3,,6-4,,6-1,,6-2,,6-3,,6-4,,6-1,,6-2,,6-3,,6-4,,6-1,,6-2,,6-3,,6-4,,6-1,,6-2,,6-3,,6-4,,6-1,,6-2,,6-3,,6-4,,6-1,,6-2,,6-3,,6-4,,6-1,,6-2,,6-3,,6-4,,6-1,,6-2,,6-3,,6-4,,6-1,,6-2,,6-3,,6-4,,6-1,,6-2,,6-3,,6-4,,6-1,,6-2,,6-3,,6-4,,6-1,,6-2,,6-3,,6-4,,6-1,,6-2,,6-3,,6-4,,6-1,,6-2,,6-3,,6-4,,6-1,,6-2,,6-3,,6-4,,6-1,,6-2,,6-3,,6-4,,6-1,,6-2,,6-3,,6-4,,6-1,,6-2,,6-3,,6-4,,6-1,,6-2,,6-3,,6-4,,6-1,,6-2,,6-3,,6-4,,6-1,,6-2,,6-3,,6-4,,6-1,,6-2,,6-3,,6-4,,6-1,,6-2,,6-3,,6-4,,6-1,,6-2,,6-3,,6-4,,6-1,,6-2,,6-3,,6-4,,6-1,,6-2,,6-3,,6-4,,6-1,,6-2,,6-3,,6-4,,6-1,,6-2,,6-3,,6-4,,6-1,,6-2,,6-3,,6-4,,6-1,,6-2,,6-3,,6-4,,6-1,,6-2,,6-3,,6-4,,6-1,,6-2,,6-3,,6-4,,6-1,,6-2,,6-3,,6-4,,6-1,,6-2,,6-3,,6-4,,6-1,,6-2,,6-3,,6-4,,6-1,,6-2,,6-3,,6-4,,6-1,,6-2,,6-3,,6-4,,6-1,,6-2,,6-3,,6-4,,6-1,,6-2,,6-3,,6-4,,6-1,,6-2,,6-3,,6-4,,6-1,,6-2,,6-3,,6-4,,6-1,,6-2,,6-3,,6-4,,6-1,,6-2,,6-3,,6-4,,6-1,,6-2,,6-3,,6-4,,6-1,,6-2,,6-3,,6-4,,6-1,,6-2,,6-3,,6-4,
,,주지 / 측지,주지,측지,주지,측지,주지,측지,주지,측지,주지,측지,주지,측지,주지,측지,주지,측지,주지,측지,주지,측지,주지,측지,주지,측지,주지,측지,주지,측지,주지,측지,주지,측지,주지,측지,주지,측지,주지,측지,주지,측지,주지,주지,주지,주지,주지,주지,주지,주지,주지,주지,주지,주지,주지,주지,주지,주지,주지,주지,주지,주지,주지,주지,주지,주지,주지,주지,주지,주지,주지,주지,,주지,측지,주지,측지,주지,측지,주지,측지,주지,측지,주지,측지,주지,측지,주지,측지,주지,측지,주지,측지,주지,측지,주지,측지,주지,측지,주지,측지,주지,측지,주지,측지,주지,측지,주지,측지,주지,측지,주지,측지,주지,측지,주지,측지,주지,측지,주지,측지,주지,측지,주지,측지,주지,측지,주지,측지,주지,측지,주지,측지,주지,측지,주지,측지,주지,측지,주지,측지,주지,측지,주지,측지,주지,측지,주지,측지,주지,측지,주지,측지,주지,측지,주지,측지,주지,측지,주지,측지,주지,측지,주지,측지,주지,측지,주지,측지,주지,측지,주지,측지,주지,측지,주지,측지,주지,측지,주지,측지,주지,측지,주지,측지,주지,측지,주지,측지,주지,측지,주지,측지,주지,측지,주지,측지,주지,측지,주지,측지,주지,측지,주지,측지,주지,측지,주지,측지,주지,측지,주지,측지,주지,측지,주지,측지,주지,측지,주지,측지,주지,측지,주지,측지,주지,측지,주지,측지,주지,측지,주지,측지,주지,측지,주지,측지,주지,측지,주지,측지,주지,측지,주지,측지,주지,측지,주지,측지,주지,측지,주지,측지,주지,측지,주지,측지,주지,측지,주지,측지,주지,측지,주지,측지,주지,측지,주지,측지,주지,측지,주지,측지,주지,측지,주지,측지,주지,측지,주지,측지,주지,측지,주지,측지,주지,측지,주지,측지,주지,측지,주지,측지,주지,측지,주지,측지,주지,측지,주지,측지,주지,측지,주지,측지,주지,측지,주지,측지,주지,측지,주지,측지,주지,측지,주지,측지,주지,측지,주지,측지,주지,측지,주지,측지,주지,측지,주지,측지,주지,측지,주지,측지,주지,측지,주지,측지,주지,측지,주지,측지,주지,측지,주지,측지,주지,측지,주지,측지,주지,측지,주지,측지,주지,측지,주지,측지,주지,측지,주지,측지,주지,측지,주지,측지,주지,측지,주지,측지,주지,측지,주지,측지,주지,측지,주지,측지,주지,측지,주지,측지,주지,측지,주지,측지,주지,측지,주지,측지,주지,측지,주지,측지,주지,측지,주지,측지,주지,측지,주지,측지,주지,측지,주지,측지,주지,측지,주지,측지,주지,측지,주지,측지,주지,측지,주지,측지,주지,측지,주지,측지,주지,측지,주지,측지,주지,측지,주지,측지,주지,측지,주지,측지,주지,측지,주지,측지,주지,측지,주지,측지,주지,측지,주지,측지,주지,측지,주지,측지,주지,측지,주지,측지,주지,측지,주지,측지,주지,측지,주지,측지,주지,측지,주지,측지,주지,측지,주지,측지,주지,측지,주지,측지,주지,측지,주지,측지,주지,측지,주지,측지,주지,측지,주지,측지,주지,측지,주지,측지,주지,측지,주지,측지,주지,측지,주지,측지,주지,측지,주지,측지,주지,측지,주지,측지,주지,측지,주지,측지,주지,측지,주지,측지,주지,측지,주지,측지,주지,측지,주지,측지,주지,측지,주지,측지,주지,측지,주지,측지,주지,측지,주지,측지,주지,측지,주지,측지,주지,측지,주지,측지,주지,측지,주지,측지,주지,측지,주지,측지,주지,측지,주지,측지,주지,측지,주지,측지,주지,측지,주지,측지,주지,측지,주지,측지,주지,측지,주지,측지,주지,측지,주지,측지,주지,측지,주지,측지,주지,측지,주지,측지,주지,측지,주지,측지,주지,측지,주지,측지,주지,측지,주지,측지,주지,측지,주지,측지,주지,측지,주지,측지,주지,측지,주지,측지,주지,측지,주지,측지,주지,측지,주지,측지,주지,측지,주지,측지,주지,측지,주지,측지,주지,측지,주지,측지,주지,측지,주지,측지,주지,측지,주지,측지,주지,측지,주지,측지,주지,측지,주지,측지,주지,측지,주지,측지,주지,측지,주지,측지,주지,측지,주지,측지,주지,측지,주지,측지,주지,측지,주지,측지,주지,측지,주지,측지,주지,측지,주지,측지,주지,측지,주지,측지,주지,측지,주지,측지,주지,측지,주지,측지,주지,측지,주지,측지,주지,측지,주지,측지,주지,측지,주지,측지,주지,측지,주지,측지,주지,측지,주지,측지,주지,측지,주지,측지,주지,측지,주지,측지,주지,측지,주지,측지,주지,측지,주지,측지,주지,측지,주지,측지,주지,측지,주지,측지,주지,측지,주지,측지,주지,측지,주지,측지,주지,측지,주지,측지,주지,측지,주지,측지,주지,측지,주지,측지,주지,측지,주지,측지,주지,측지,주지,측지,주지,측지,주지,측지,주지,측지,주지,측지,주지,측지,주지,측지,주지,측지,주지,측지,주지,측지,주지,측지,주지,측지,주지,측지,주지,측지,주지,측지,주지,측지,주지,측지,주지,측지,주지,측지,주지,측지,주지,측지,주지,측지,주지,측지,주지,측지,주지,측지,주지,측지,주지,측지,주지,측지,주지,측지,주지,측지,주지,측지,주지,측지,주지,측지,주지,측지,주지,측지,주지,측지,주지,측지,주지,측지,주지,측지,주지,측지,주지,측지,주지,측지,주지,측지,주지,측지,주지,측지,주지,측지,주지,측지,주지,측지,주지,측지,주지,측지,주지,측지,주지,측지,주지,측지,주지,측지,주지,측지,주지,측지,주지,측지
6 구 역,생육조사,주간 생장길이 (cm),,,,,,,,,,,,,,,,,,,,,,,,,,,,,,,,,,,,,,,,,,,,,,,,,,,,,,,,,,,,,,,,,,,,,,,,,,,,,,,,,,,,,,,,,,,,,,,,,,,,,,,,,,,,,,,,,,,,,,,,,,,,,,,,,,,,,,,,,,,,,,,,,,,,,,,,,,,,,,,,,,,,,,,,,,,,,,,,,,,,,,,,,,,,,,,,,,,,,,,,,,,,,,,,,,,,,,,,,,,,,,,,,,,,,,,,,,,,,,,,,,,,,,,,,,,,,,,,,,,,,,,,,,,,,,,,,,,,,,,,,,,,,,,,,,,,,,,,,,,,,,,,,,,,,,,,,,,,,,,,,,,,,,,,,,,,,,,,,,,,,,,,,,,,,,,,,,,,,,,,,,,,,,,,,,,,,,,,,,,,,,,,,,,,,,,,,,,,,,,,,,,,,,,,,,,,,,,,,,,,,,,,,,,,,,,,,,,,,,,,,,,,,,,,,,,,,,,,,,,,,,,,,,,,,,,,,,,,,,,,,,,,,,,,,,,,,,,,,,,,,,,,,,,,,,,,,,,,,,,,,,,,,,,,,,,,,,,,,,,,,,,,,,,,,,,,,,,,,,,,,,,,,,,,,,,,,,,,,,,,,,,,,,,,,,,,,,,,,,,,,,,,,,,,,,,,,,,,,,,,,,,,,,,,,,,,,,,,,,,,,,,,,,,,,,,,,,,,,,,,,,,,,,,,,,,,,,,,,,,,,,,,,,,,,,,,,,,,,,,,,,,,,,,,,,,,,,,,,,,,,,,,,,,,,,,,,,,,,,,,,,,,,,,,,,,,,,,,,,,,,,,,,,,,,,,,,,,,,,,,,,,,,,,,,,,,,,,,,,,,,,,,,,,,,,,,,,,,,,,,,,,,,,,,,,,,,,,,,,,,,,,,,,,,,,,,,,,,,,,,,,,
,,잎의크기(엽장)  (cm) ,,,,,,,,,,,,,,,,,,,,,,,,,,,,,,,,,,,,,,,,,,,,,,,,,,,,,,,,,,,,,,,,,,,,,,,,,,,,,,,,,,,,,,,,,,,,,,,,,,,,,,,,,,,,,,,,,,,,,,,,,,,,,,,,,,,,,,,,,,,,,,,,,,,,,,,,,,,,,,,,,,,,,,,,,,,,,,,,,,,,,,,,,,,,,,,,,,,,,,,,,,,,,,,,,,,,,,,,,,,,,,,,,,,,,,,,,,,,,,,,,,,,,,,,,,,,,,,,,,,,,,,,,,,,,,,,,,,,,,,,,,,,,,,,,,,,,,,,,,,,,,,,,,,,,,,,,,,,,,,,,,,,,,,,,,,,,,,,,,,,,,,,,,,,,,,,,,,,,,,,,,,,,,,,,,,,,,,,,,,,,,,,,,,,,,,,,,,,,,,,,,,,,,,,,,,,,,,,,,,,,,,,,,,,,,,,,,,,,,,,,,,,,,,,,,,,,,,,,,,,,,,,,,,,,,,,,,,,,,,,,,,,,,,,,,,,,,,,,,,,,,,,,,,,,,,,,,,,,,,,,,,,,,,,,,,,,,,,,,,,,,,,,,,,,,,,,,,,,,,,,,,,,,,,,,,,,,,,,,,,,,,,,,,,,,,,,,,,,,,,,,,,,,,,,,,,,,,,,,,,,,,,,,,,,,,,,,,,,,,,,,,,,,,,,,,,,,,,,,,,,,,,,,,,,,,,,,,,,,,,,,,,,,,,,,,,,,,,,,,,,,,,,,,,,,,,,,,,,,,,,,,,,,,,,,,,,,,,,,,,,,,,,,,,,,,,,,,,,,,,,,,,,,,,,,,,,,,,,,,,,,,,,,,,,,,,,,,,,,,,,,,,,,,,,,,,,,,,,,,,,,,,,,,,,,,,,,,,,,,,,,,,,,,,,,,,,,,,,,,,,,,
,,잎의크기(엽폭)  (cm)  ,,,,,,,,,,,,,,,,,,,,,,,,,,,,,,,,,,,,,,,,,,,,,,,,,,,,,,,,,,,,,,,,,,,,,,,,,,,,,,,,,,,,,,,,,,,,,,,,,,,,,,,,,,,,,,,,,,,,,,,,,,,,,,,,,,,,,,,,,,,,,,,,,,,,,,,,,,,,,,,,,,,,,,,,,,,,,,,,,,,,,,,,,,,,,,,,,,,,,,,,,,,,,,,,,,,,,,,,,,,,,,,,,,,,,,,,,,,,,,,,,,,,,,,,,,,,,,,,,,,,,,,,,,,,,,,,,,,,,,,,,,,,,,,,,,,,,,,,,,,,,,,,,,,,,,,,,,,,,,,,,,,,,,,,,,,,,,,,,,,,,,,,,,,,,,,,,,,,,,,,,,,,,,,,,,,,,,,,,,,,,,,,,,,,,,,,,,,,,,,,,,,,,,,,,,,,,,,,,,,,,,,,,,,,,,,,,,,,,,,,,,,,,,,,,,,,,,,,,,,,,,,,,,,,,,,,,,,,,,,,,,,,,,,,,,,,,,,,,,,,,,,,,,,,,,,,,,,,,,,,,,,,,,,,,,,,,,,,,,,,,,,,,,,,,,,,,,,,,,,,,,,,,,,,,,,,,,,,,,,,,,,,,,,,,,,,,,,,,,,,,,,,,,,,,,,,,,,,,,,,,,,,,,,,,,,,,,,,,,,,,,,,,,,,,,,,,,,,,,,,,,,,,,,,,,,,,,,,,,,,,,,,,,,,,,,,,,,,,,,,,,,,,,,,,,,,,,,,,,,,,,,,,,,,,,,,,,,,,,,,,,,,,,,,,,,,,,,,,,,,,,,,,,,,,,,,,,,,,,,,,,,,,,,,,,,,,,,,,,,,,,,,,,,,,,,,,,,,,,,,,,,,,,,,,,,,,,,,,,,,,,,,,,,,,,,,,,,,,,,,,,,
,,줄기당 엽수 (매),,,,,,,,,,,,,,,,,,,,,,,,,,,,,,,,,,,,,,,,,,,,,,,,,,,,,,,,,,,,,,,,,,,,,,,,,,,,,,,,,,,,,,,,,,,,,,,,,,,,,,,,,,,,,,,,,,,,,,,,,,,,,,,,,,,,,,,,,,,,,,,,,,,,,,,,,,,,,,,,,,,,,,,,,,,,,,,,,,,,,,,,,,,,,,,,,,,,,,,,,,,,,,,,,,,,,,,,,,,,,,,,,,,,,,,,,,,,,,,,,,,,,,,,,,,,,,,,,,,,,,,,,,,,,,,,,,,,,,,,,,,,,,,,,,,,,,,,,,,,,,,,,,,,,,,,,,,,,,,,,,,,,,,,,,,,,,,,,,,,,,,,,,,,,,,,,,,,,,,,,,,,,,,,,,,,,,,,,,,,,,,,,,,,,,,,,,,,,,,,,,,,,,,,,,,,,,,,,,,,,,,,,,,,,,,,,,,,,,,,,,,,,,,,,,,,,,,,,,,,,,,,,,,,,,,,,,,,,,,,,,,,,,,,,,,,,,,,,,,,,,,,,,,,,,,,,,,,,,,,,,,,,,,,,,,,,,,,,,,,,,,,,,,,,,,,,,,,,,,,,,,,,,,,,,,,,,,,,,,,,,,,,,,,,,,,,,,,,,,,,,,,,,,,,,,,,,,,,,,,,,,,,,,,,,,,,,,,,,,,,,,,,,,,,,,,,,,,,,,,,,,,,,,,,,,,,,,,,,,,,,,,,,,,,,,,,,,,,,,,,,,,,,,,,,,,,,,,,,,,,,,,,,,,,,,,,,,,,,,,,,,,,,,,,,,,,,,,,,,,,,,,,,,,,,,,,,,,,,,,,,,,,,,,,,,,,,,,,,,,,,,,,,,,,,,,,,,,,,,,,,,,,,,,,,,,,,,,,,,,,,,,,,,,,,,,,,,,,,,,,,,
,,줄기 굵기 (mm),,,,,,,,,,,,,,,,,,,,,,,,,,,,,,,,,,,,,,,,,,,,,,,,,,,,,,,,,,,,,,,,,,,,,,,,,,,,,,,,,,,,,,,,,,,,,,,,,,,,,,,,,,,,,,,,,,,,,,,,,,,,,,,,,,,,,,,,,,,,,,,,,,,,,,,,,,,,,,,,,,,,,,,,,,,,,,,,,,,,,,,,,,,,,,,,,,,,,,,,,,,,,,,,,,,,,,,,,,,,,,,,,,,,,,,,,,,,,,,,,,,,,,,,,,,,,,,,,,,,,,,,,,,,,,,,,,,,,,,,,,,,,,,,,,,,,,,,,,,,,,,,,,,,,,,,,,,,,,,,,,,,,,,,,,,,,,,,,,,,,,,,,,,,,,,,,,,,,,,,,,,,,,,,,,,,,,,,,,,,,,,,,,,,,,,,,,,,,,,,,,,,,,,,,,,,,,,,,,,,,,,,,,,,,,,,,,,,,,,,,,,,,,,,,,,,,,,,,,,,,,,,,,,,,,,,,,,,,,,,,,,,,,,,,,,,,,,,,,,,,,,,,,,,,,,,,,,,,,,,,,,,,,,,,,,,,,,,,,,,,,,,,,,,,,,,,,,,,,,,,,,,,,,,,,,,,,,,,,,,,,,,,,,,,,,,,,,,,,,,,,,,,,,,,,,,,,,,,,,,,,,,,,,,,,,,,,,,,,,,,,,,,,,,,,,,,,,,,,,,,,,,,,,,,,,,,,,,,,,,,,,,,,,,,,,,,,,,,,,,,,,,,,,,,,,,,,,,,,,,,,,,,,,,,,,,,,,,,,,,,,,,,,,,,,,,,,,,,,,,,,,,,,,,,,,,,,,,,,,,,,,,,,,,,,,,,,,,,,,,,,,,,,,,,,,,,,,,,,,,,,,,,,,,,,,,,,,,,,,,,,,,,,,,,,,,,,,,,,,,,,,
,화방조사,개화 화방의 높이 (cm)    ,,,,,,,,,,,,,,,,,,,,,,,,,,,,,,,,,,,,,,,,,,,,,,,,,,,,,,,,,,,,,,,,,,,,,,,,,,,,,,,,,,,,,,,,,,,,,,,,,,,,,,,,,,,,,,,,,,,,,,,,,,,,,,,,,,,,,,,,,,,,,,,,,,,,,,,,,,,,,,,,,,,,,,,,,,,,,,,,,,,,,,,,,,,,,,,,,,,,,,,,,,,,,,,,,,,,,,,,,,,,,,,,,,,,,,,,,,,,,,,,,,,,,,,,,,,,,,,,,,,,,,,,,,,,,,,,,,,,,,,,,,,,,,,,,,,,,,,,,,,,,,,,,,,,,,,,,,,,,,,,,,,,,,,,,,,,,,,,,,,,,,,,,,,,,,,,,,,,,,,,,,,,,,,,,,,,,,,,,,,,,,,,,,,,,,,,,,,,,,,,,,,,,,,,,,,,,,,,,,,,,,,,,,,,,,,,,,,,,,,,,,,,,,,,,,,,,,,,,,,,,,,,,,,,,,,,,,,,,,,,,,,,,,,,,,,,,,,,,,,,,,,,,,,,,,,,,,,,,,,,,,,,,,,,,,,,,,,,,,,,,,,,,,,,,,,,,,,,,,,,,,,,,,,,,,,,,,,,,,,,,,,,,,,,,,,,,,,,,,,,,,,,,,,,,,,,,,,,,,,,,,,,,,,,,,,,,,,,,,,,,,,,,,,,,,,,,,,,,,,,,,,,,,,,,,,,,,,,,,,,,,,,,,,,,,,,,,,,,,,,,,,,,,,,,,,,,,,,,,,,,,,,,,,,,,,,,,,,,,,,,,,,,,,,,,,,,,,,,,,,,,,,,,,,,,,,,,,,,,,,,,,,,,,,,,,,,,,,,,,,,,,,,,,,,,,,,,,,,,,,,,,,,,,,,,,,,,,,,,,,,,,,,,,,,,,,,,,,,,,,,,,
,,개화 화방의 길이(cm)   ,,,,,,,,,,,,,,,,,,,,,,,,,,,,,,,,,,,,,,,,,,,,,,,,,,,,,,,,,,,,,,,,,,,,,,,,,,,,,,,,,,,,,,,,,,,,,,,,,,,,,,,,,,,,,,,,,,,,,,,,,,,,,,,,,,,,,,,,,,,,,,,,,,,,,,,,,,,,,,,,,,,,,,,,,,,,,,,,,,,,,,,,,,,,,,,,,,,,,,,,,,,,,,,,,,,,,,,,,,,,,,,,,,,,,,,,,,,,,,,,,,,,,,,,,,,,,,,,,,,,,,,,,,,,,,,,,,,,,,,,,,,,,,,,,,,,,,,,,,,,,,,,,,,,,,,,,,,,,,,,,,,,,,,,,,,,,,,,,,,,,,,,,,,,,,,,,,,,,,,,,,,,,,,,,,,,,,,,,,,,,,,,,,,,,,,,,,,,,,,,,,,,,,,,,,,,,,,,,,,,,,,,,,,,,,,,,,,,,,,,,,,,,,,,,,,,,,,,,,,,,,,,,,,,,,,,,,,,,,,,,,,,,,,,,,,,,,,,,,,,,,,,,,,,,,,,,,,,,,,,,,,,,,,,,,,,,,,,,,,,,,,,,,,,,,,,,,,,,,,,,,,,,,,,,,,,,,,,,,,,,,,,,,,,,,,,,,,,,,,,,,,,,,,,,,,,,,,,,,,,,,,,,,,,,,,,,,,,,,,,,,,,,,,,,,,,,,,,,,,,,,,,,,,,,,,,,,,,,,,,,,,,,,,,,,,,,,,,,,,,,,,,,,,,,,,,,,,,,,,,,,,,,,,,,,,,,,,,,,,,,,,,,,,,,,,,,,,,,,,,,,,,,,,,,,,,,,,,,,,,,,,,,,,,,,,,,,,,,,,,,,,,,,,,,,,,,,,,,,,,,,,,,,,,,,,,,,,,,,,,,,,,,,,,,,,,,,,,,,,,,,,
,,개화 화방       ,,,,,,,,,,,,,,,,,,,,,,,,,,,,,,,,,,,,,,,,,,,,,,,,,,,,,,,,,,,,,,,,,,,,,,,,,,,,,,,,,,,,,,,,,,,,,,,,,,,,,,,,,,,,,,,,,,,,,,,,,,,,,,,,,,,,,,,,,,,,,,,,,,,,,,,,,,,,,,,,,,,,,,,,,,,,,,,,,,,,,,,,,,,,,,,,,,,,,,,,,,,,,,,,,,,,,,,,,,,,,,,,,,,,,,,,,,,,,,,,,,,,,,,,,,,,,,,,,,,,,,,,,,,,,,,,,,,,,,,,,,,,,,,,,,,,,,,,,,,,,,,,,,,,,,,,,,,,,,,,,,,,,,,,,,,,,,,,,,,,,,,,,,,,,,,,,,,,,,,,,,,,,,,,,,,,,,,,,,,,,,,,,,,,,,,,,,,,,,,,,,,,,,,,,,,,,,,,,,,,,,,,,,,,,,,,,,,,,,,,,,,,,,,,,,,,,,,,,,,,,,,,,,,,,,,,,,,,,,,,,,,,,,,,,,,,,,,,,,,,,,,,,,,,,,,,,,,,,,,,,,,,,,,,,,,,,,,,,,,,,,,,,,,,,,,,,,,,,,,,,,,,,,,,,,,,,,,,,,,,,,,,,,,,,,,,,,,,,,,,,,,,,,,,,,,,,,,,,,,,,,,,,,,,,,,,,,,,,,,,,,,,,,,,,,,,,,,,,,,,,,,,,,,,,,,,,,,,,,,,,,,,,,,,,,,,,,,,,,,,,,,,,,,,,,,,,,,,,,,,,,,,,,,,,,,,,,,,,,,,,,,,,,,,,,,,,,,,,,,,,,,,,,,,,,,,,,,,,,,,,,,,,,,,,,,,,,,,,,,,,,,,,,,,,,,,,,,,,,,,,,,,,,,,,,,,,,,,,,,,,,,,,,,,,,,,,,,,,,,,,,,
,,착과 화방 ,,,,,,,,,,,,,,,,,,,,,,,,,,,,,,,,,,,,,,,,,,,,,,,,,,,,,,,,,,,,,,,,,,,,,,,,,,,,,,,,,,,,,,,,,,,,,,,,,,,,,,,,,,,,,,,,,,,,,,,,,,,,,,,,,,,,,,,,,,,,,,,,,,,,,,,,,,,,,,,,,,,,,,,,,,,,,,,,,,,,,,,,,,,,,,,,,,,,,,,,,,,,,,,,,,,,,,,,,,,,,,,,,,,,,,,,,,,,,,,,,,,,,,,,,,,,,,,,,,,,,,,,,,,,,,,,,,,,,,,,,,,,,,,,,,,,,,,,,,,,,,,,,,,,,,,,,,,,,,,,,,,,,,,,,,,,,,,,,,,,,,,,,,,,,,,,,,,,,,,,,,,,,,,,,,,,,,,,,,,,,,,,,,,,,,,,,,,,,,,,,,,,,,,,,,,,,,,,,,,,,,,,,,,,,,,,,,,,,,,,,,,,,,,,,,,,,,,,,,,,,,,,,,,,,,,,,,,,,,,,,,,,,,,,,,,,,,,,,,,,,,,,,,,,,,,,,,,,,,,,,,,,,,,,,,,,,,,,,,,,,,,,,,,,,,,,,,,,,,,,,,,,,,,,,,,,,,,,,,,,,,,,,,,,,,,,,,,,,,,,,,,,,,,,,,,,,,,,,,,,,,,,,,,,,,,,,,,,,,,,,,,,,,,,,,,,,,,,,,,,,,,,,,,,,,,,,,,,,,,,,,,,,,,,,,,,,,,,,,,,,,,,,,,,,,,,,,,,,,,,,,,,,,,,,,,,,,,,,,,,,,,,,,,,,,,,,,,,,,,,,,,,,,,,,,,,,,,,,,,,,,,,,,,,,,,,,,,,,,,,,,,,,,,,,,,,,,,,,,,,,,,,,,,,,,,,,,,,,,,,,,,,,,,,,,,,,,,,,,,,,,,
,,수확 화방 ,,,,,,,,,,,,,,,,,,,,,,,,,,,,,,,,,,,,,,,,,,,,,,,,,,,,,,,,,,,,,,,,,,,,,,,,,,,,,,,,,,,,,,,,,,,,,,,,,,,,,,,,,,,,,,,,,,,,,,,,,,,,,,,,,,,,,,,,,,,,,,,,,,,,,,,,,,,,,,,,,,,,,,,,,,,,,,,,,,,,,,,,,,,,,,,,,,,,,,,,,,,,,,,,,,,,,,,,,,,,,,,,,,,,,,,,,,,,,,,,,,,,,,,,,,,,,,,,,,,,,,,,,,,,,,,,,,,,,,,,,,,,,,,,,,,,,,,,,,,,,,,,,,,,,,,,,,,,,,,,,,,,,,,,,,,,,,,,,,,,,,,,,,,,,,,,,,,,,,,,,,,,,,,,,,,,,,,,,,,,,,,,,,,,,,,,,,,,,,,,,,,,,,,,,,,,,,,,,,,,,,,,,,,,,,,,,,,,,,,,,,,,,,,,,,,,,,,,,,,,,,,,,,,,,,,,,,,,,,,,,,,,,,,,,,,,,,,,,,,,,,,,,,,,,,,,,,,,,,,,,,,,,,,,,,,,,,,,,,,,,,,,,,,,,,,,,,,,,,,,,,,,,,,,,,,,,,,,,,,,,,,,,,,,,,,,,,,,,,,,,,,,,,,,,,,,,,,,,,,,,,,,,,,,,,,,,,,,,,,,,,,,,,,,,,,,,,,,,,,,,,,,,,,,,,,,,,,,,,,,,,,,,,,,,,,,,,,,,,,,,,,,,,,,,,,,,,,,,,,,,,,,,,,,,,,,,,,,,,,,,,,,,,,,,,,,,,,,,,,,,,,,,,,,,,,,,,,,,,,,,,,,,,,,,,,,,,,,,,,,,,,,,,,,,,,,,,,,,,,,,,,,,,,,,,,,,,,,,,,,,,,,,,,,,,,,,,,,,,,,,,,
,,총 과일 수 ,,,,,,,,,,,,,,,,,,,,,,,,,,,,,,,,,,,,,,,,,,,,,,,,,,,,,,,,,,,,,,,,,,,,,,,,,,,,,,,,,,,,,,,,,,,,,,,,,,,,,,,,,,,,,,,,,,,,,,,,,,,,,,,,,,,,,,,,,,,,,,,,,,,,,,,,,,,,,,,,,,,,,,,,,,,,,,,,,,,,,,,,,,,,,,,,,,,,,,,,,,,,,,,,,,,,,,,,,,,,,,,,,,,,,,,,,,,,,,,,,,,,,,,,,,,,,,,,,,,,,,,,,,,,,,,,,,,,,,,,,,,,,,,,,,,,,,,,,,,,,,,,,,,,,,,,,,,,,,,,,,,,,,,,,,,,,,,,,,,,,,,,,,,,,,,,,,,,,,,,,,,,,,,,,,,,,,,,,,,,,,,,,,,,,,,,,,,,,,,,,,,,,,,,,,,,,,,,,,,,,,,,,,,,,,,,,,,,,,,,,,,,,,,,,,,,,,,,,,,,,,,,,,,,,,,,,,,,,,,,,,,,,,,,,,,,,,,,,,,,,,,,,,,,,,,,,,,,,,,,,,,,,,,,,,,,,,,,,,,,,,,,,,,,,,,,,,,,,,,,,,,,,,,,,,,,,,,,,,,,,,,,,,,,,,,,,,,,,,,,,,,,,,,,,,,,,,,,,,,,,,,,,,,,,,,,,,,,,,,,,,,,,,,,,,,,,,,,,,,,,,,,,,,,,,,,,,,,,,,,,,,,,,,,,,,,,,,,,,,,,,,,,,,,,,,,,,,,,,,,,,,,,,,,,,,,,,,,,,,,,,,,,,,,,,,,,,,,,,,,,,,,,,,,,,,,,,,,,,,,,,,,,,,,,,,,,,,,,,,,,,,,,,,,,,,,,,,,,,,,,,,,,,,,,,,,,,,,,,,,,,,,,,,,,,,,,,,,,,,,,,,
,,,,,,,,,,,,,,,,,,,,,,,,,,,,,,,,,,,,,,,,,,,,,,,,,,,,,,,,,,,,,,,,,,,,,,,,,,,,,,,,,,,,,,,,,,,,,,,,,,,,,,,,,,,,,,,,,,,,,,,,,,,,,,,,,,,,,,,,,,,,,,,,,,,,,,,,,,,,,,,,,,,,,,,,,,,,,,,,,,,,,,,,,,,,,,,,,,,,,,,,,,,,,,,,,,,,,,,,,,,,,,,,,,,,,,,,,,,,,,,,,,,,,,,,,,,,,,,,,,,,,,,,,,,,,,,,,,,,,,,,,,,,,,,,,,,,,,,,,,,,,,,,,,,,,,,,,,,,,,,,,,,,,,,,,,,,,,,,,,,,,,,,,,,,,,,,,,,,,,,,,,,,,,,,,,,,,,,,,,,,,,,,,,,,,,,,,,,,,,,,,,,,,,,,,,,,,,,,,,,,,,,,,,,,,,,,,,,,,,,,,,,,,,,,,,,,,,,,,,,,,,,,,,,,,,,,,,,,,,,,,,,,,,,,,,,,,,,,,,,,,,,,,,,,,,,,,,,,,,,,,,,,,,,,,,,,,,,,,,,,,,,,,,,,,,,,,,,,,,,,,,,,,,,,,,,,,,,,,,,,,,,,,,,,,,,,,,,,,,,,,,,,,,,,,,,,,,,,,,,,,,,,,,,,,,,,,,,,,,,,,,,,,,,,,,,,,,,,,,,,,,,,,,,,,,,,,,,,,,,,,,,,,,,,,,,,,,,,,,,,,,,,,,,,,,,,,,,,,,,,,,,,,,,,,,,,,,,,,,,,,,,,,,,,,,,,,,,,,,,,,,,,,,,,,,,,,,,,,,,,,,,,,,,,,,,,,,,,,,,,,,,,,,,,,,,,,,,,,,,,,,,,,,,,,,,,,,,,,,,,,,,,,,,,,,,,,,,,,,,,,,,,,
토마지노,,주차 ,#REF!,,,,,,,,#REF!,,,,,,,,#REF!,,,,,,,,#REF!,,,,,,,,#REF!,,,,,,,,WK 29,WK 30,WK 31,WK 32,WK 33,WK 34,WK 35,WK 36,WK 37,WK 38,WK 39,WK 40,WK 41,WK 42,WK 43,WK 44,WK 45,WK 46,WK 47,WK 48,WK 49,WK 50,WK 51,WK 52,WK 1,WK 2,WK 3,WK 4,WK 5,WK 6,,WK 7,,WK 8,,WK 9,,WK 10,,WK 11,,WK 12,,WK 13,,WK 14,,WK 15,,WK 16,,WK 17,,WK 18,,WK 19,,WK 20,,WK 21,,WK 22,,WK 20,,,,,,,,WK 21,,,,,,,,WK 22,,,,,,,,WK 23,,,,,,,,WK 24,,,,,,,,WK 25,,,,,,,,WK 26,,,,,,,,WK 27,,,,,,,,WK 28,,,,,,,,WK 29,,,,,,,,WK 30,,,,,,,,WK 31,,,,,,,,WK 32,,,,,,,,WK 33,,,,,,,,WK 34,,,,,,,,WK 35,,,,,,,,WK 36,,,,,,,,WK 37,,,,,,,,WK 38,,,,,,,,WK 39,,,,,,,,WK 40,,,,,,,,WK 41,,,,,,,,WK 42,,,,,,,,WK 43,,,,,,,,WK 44,,,,,,,,WK 45,,,,,,,,WK 46,,,,,,,,WK 47,,,,,,,,WK 48,,,,,,,,WK 49,,,,,,,,WK 50,,,,,,,,WK 51,,,,,,,,WK 52,,,,,,,,WK 53,,,,,,,,WK 1,,,,,,,,WK 2,,,,,,,,WK 3,,,,,,,,WK 4,,,,,,,,WK 5,,,,,,,,WK 6,,,,,,,,WK 7,,,,,,,,WK 8,,,,,,,,WK 9,,,,,,,,WK 10,,,,,,,,WK 11,,,,,,,,WK 12,,,,,,,,WK 13,,,,,,,,WK 14,,,,,,,,WK 15,,,,,,,,WK 16,,,,,,,,WK 17,,,,,,,,WK 18,,,,,,,,WK 19,,,,,,,,WK 20,,,,,,,,WK 21,,,,,,,,WK 22,,,,,,,,WK 23,,,,,,,,WK 24,,,,,,,,WK 25,,,,,,,,WK 26,,,,,,,,WK 27,,,,,,,,WK 28,,,,,,,,WK 29,,,,,,,,WK 30,,,,,,,,WK 31,,,,,,,,WK 32,,,,,,,,WK 33,,,,,,,,WK 34,,,,,,,,WK 35,,,,,,,,WK 36,,,,,,,,WK 37,,,,,,,,WK 38,,,,,,,,WK 39,,,,,,,,WK 40,,,,,,,,WK 41,,,,,,,,WK 42,,,,,,,,WK 43,,,,,,,,WK 44,,,,,,,,WK 45,,,,,,,,WK 46,,,,,,,,WK 47,,,,,,,,WK 48,,,,,,,,WK 49,,,,,,,,WK 50,,,,,,,,WK 51,,,,,,,,WK 52,,,,,,,,WK 1,,,,,,,,WK 2,,,,,,,,WK 3,,,,,,,,WK 4,,,,,,,,WK 5,,,,,,,,WK 6,,,,,,,,WK 7,,,,,,,,WK 8,,,,,,,,WK 9,,,,,,,
평  균,생육조사,주간 생장길이 (cm), ,,,,,,,, ,,,,,,,, ,,,,,,,, ,,,,,,,, ,,,,,,,, ,29.0,28.7,27.2,30.3,28.2,26.3,22.8,27.0,27.3,28.3,29.7,29.3,22.0,24.7,18.8,20.3,24.2,23.8,24.2,24.0,27.2,21.0,24.5,26.2,14.0,25.0,26.0,19.7,20.3, ,22.7,22.3,26.0,24.3,20.3,19.3,21.0,20.7,22.3,25.0,15.7,15.3,19.7,23.3,20.0,20.3,21.7,20.0,0.0,0.0, , , , , , , , , , , , , ,,,,,,,, ,,,,,,,, ,,,,,,,, ,,,,,,,, ,,,,,,,, ,,,,,,,, ,,,,,,,, ,,,,,,,, ,,,,,,,, ,,,,,,,, ,,,,,,,, ,,,,,,,, ,,,,,,,, ,,,,,,,, ,,,,,,,, ,,,,,,,, ,,,,,,,, ,,,,,,,, ,,,,,,,, ,,,,,,,, ,,,,,,,, ,,,,,,,, ,,,,,,,, ,,,,,,,, ,,,,,,,, ,,,,,,,, ,,,,,,,, ,,,,,,,, ,,,,,,,, ,,,,,,,, ,,,,,,,, ,,,,,,,, ,,,,,,,, ,,,,,,,, ,,,,,,,,27.5,,,,,,,,29.5,,,,,,,,31.5,,,,,,,,34.0,,,,,,,,37.0,,,,,,,, ,,,,,,,, ,,,,,,,, ,,,,,,,, ,,,,,,,, ,,,,,,,, ,,,,,,,, ,,,,,,,, ,,,,,,,, ,,,,,,,, ,,,,,,,, ,,,,,,,, ,,,,,,,,29.0,,,,,,,, ,,,,,,,, ,,,,,,,,29.0,,,,,,,,34.5,,,,,,,,35.0,,,,,,,,28.0,,,,,,,,25.0,,,,,,,, ,,,,,,,, ,,,,,,,, ,,,,,,,, ,,,,,,,, ,,,,,,,, ,,,,,,,, ,,,,,,,, ,,,,,,,, ,,,,,,,, ,,,,,,,, ,,,,,,,, ,,,,,,,, ,,,,,,,, ,,,,,,,, ,,,,,,,, ,,,,,,,, ,,,,,,,, ,,,,,,,, ,,,,,,,, ,,,,,,,, ,,,,,,,, ,,,,,,,, ,,,,,,,, ,,,,,,,, ,,,,,,,, ,,,,,,,, ,,,,,,,, ,,,,,,,, ,,,,,,,, ,,,,,,,, ,,,,,,,, ,,,,,,,, ,,,,,,,, ,,,,,,,, ,,,,,,,
,,잎의크기(엽장)  (cm) , ,,,,,,,, ,,,,,,,, ,,,,,,,, ,,,,,,,, ,,,,,,,,34.3,33.7,35.0,30.7,34.4,35.7,32.0,31.8,32.7,33.0,38.0,38.0,41.0,37.3,39.7,42.3,41.0,36.3,38.3,39.3,37.3,34.7,34.7,34.3,35.3,30.3,36.3,38.0,35.7,34.7, ,36.7,37.3,36.7,37.7,35.0,35.3,35.0,35.3,32.0,32.7,29.0,27.7,31.3,30.7,27.7,30.7,28.3,29.0,26.0,23.3, , , , , , , , , , , , , ,,,,,,,, ,,,,,,,, ,,,,,,,, ,,,,,,,, ,,,,,,,, ,,,,,,,, ,,,,,,,, ,,,,,,,, ,,,,,,,, ,,,,,,,, ,,,,,,,, ,,,,,,,, ,,,,,,,, ,,,,,,,, ,,,,,,,, ,,,,,,,, ,,,,,,,, ,,,,,,,, ,,,,,,,, ,,,,,,,, ,,,,,,,, ,,,,,,,, ,,,,,,,, ,,,,,,,, ,,,,,,,, ,,,,,,,, ,,,,,,,, ,,,,,,,, ,,,,,,,, ,,,,,,,, ,,,,,,,, ,,,,,,,, ,,,,,,,, ,,,,,,,,35.5,,,,,,,,55.0,,,,,,,,46.0,,,,,,,,43.0,,,,,,,,52.0,,,,,,,,52.0,,,,,,,, ,,,,,,,, ,,,,,,,, ,,,,,,,, ,,,,,,,, ,,,,,,,, ,,,,,,,, ,,,,,,,, ,,,,,,,, ,,,,,,,, ,,,,,,,, ,,,,,,,, ,,,,,,,,46.0,,,,,,,, ,,,,,,,, ,,,,,,,,43.0,,,,,,,,45.5,,,,,,,,45.0,,,,,,,,45.0,,,,,,,,47.0,,,,,,,, ,,,,,,,, ,,,,,,,, ,,,,,,,, ,,,,,,,, ,,,,,,,, ,,,,,,,, ,,,,,,,, ,,,,,,,, ,,,,,,,, ,,,,,,,, ,,,,,,,, ,,,,,,,, ,,,,,,,, ,,,,,,,, ,,,,,,,, ,,,,,,,, ,,,,,,,, ,,,,,,,, ,,,,,,,, ,,,,,,,, ,,,,,,,, ,,,,,,,, ,,,,,,,, ,,,,,,,, ,,,,,,,, ,,,,,,,, ,,,,,,,, ,,,,,,,, ,,,,,,,, ,,,,,,,, ,,,,,,,, ,,,,,,,, ,,,,,,,, ,,,,,,,, ,,,,,,,
,,잎의크기(엽폭)  (cm)  , ,,,,,,,, ,,,,,,,, ,,,,,,,, ,,,,,,,, ,,,,,,,,23.2,26.2,33.0,26.7,30.1,34.3,24.7,24.7,26.2,25.3,30.3,34.3,33.0,34.0,32.7,37.3,41.3,30.0,31.0,36.3,29.0,27.7,26.0,30.0,32.0,23.0,28.0,33.0,29.0,26.7, ,28.7,29.0,31.0,33.3,26.0,25.0,27.0,27.0,24.3,26.0,20.7,18.0,24.3,23.7,18.3,21.0,17.0,19.0,17.0,20.7, , , , , , , , , , , , , ,,,,,,,, ,,,,,,,, ,,,,,,,, ,,,,,,,, ,,,,,,,, ,,,,,,,, ,,,,,,,, ,,,,,,,, ,,,,,,,, ,,,,,,,, ,,,,,,,, ,,,,,,,, ,,,,,,,, ,,,,,,,, ,,,,,,,, ,,,,,,,, ,,,,,,,, ,,,,,,,, ,,,,,,,, ,,,,,,,, ,,,,,,,, ,,,,,,,, ,,,,,,,, ,,,,,,,, ,,,,,,,, ,,,,,,,, ,,,,,,,, ,,,,,,,, ,,,,,,,, ,,,,,,,, ,,,,,,,, ,,,,,,,, ,,,,,,,, ,,,,,,,,20.4,,,,,,,,44.0,,,,,,,,31.7,,,,,,,,35.0,,,,,,,,41.0,,,,,,,,38.0,,,,,,,, ,,,,,,,, ,,,,,,,, ,,,,,,,, ,,,,,,,, ,,,,,,,, ,,,,,,,, ,,,,,,,, ,,,,,,,, ,,,,,,,, ,,,,,,,, ,,,,,,,, ,,,,,,,,46.0,,,,,,,, ,,,,,,,, ,,,,,,,,32.5,,,,,,,,35.0,,,,,,,,41.0,,,,,,,,37.0,,,,,,,,34.0,,,,,,,, ,,,,,,,, ,,,,,,,, ,,,,,,,, ,,,,,,,, ,,,,,,,, ,,,,,,,, ,,,,,,,, ,,,,,,,, ,,,,,,,, ,,,,,,,, ,,,,,,,, ,,,,,,,, ,,,,,,,, ,,,,,,,, ,,,,,,,, ,,,,,,,, ,,,,,,,, ,,,,,,,, ,,,,,,,, ,,,,,,,, ,,,,,,,, ,,,,,,,, ,,,,,,,, ,,,,,,,, ,,,,,,,, ,,,,,,,, ,,,,,,,, ,,,,,,,, ,,,,,,,, ,,,,,,,, ,,,,,,,, ,,,,,,,, ,,,,,,,, ,,,,,,,, ,,,,,,,
,,줄기당 엽수 (매), ,,,,,,,, ,,,,,,,, ,,,,,,,, ,,,,,,,, ,,,,,,,,12.0,16.3,23.7,17.7,20.7,24.7,21.0,24.0,26.3,26.3,29.7,26.7,23.3,23.7,23.0,22.7,21.0,20.0,22.0,22.7,19.3,19.3,20.3,19.3,20.3,18.0,19.0,15.7,14.0,14.3,12.7,16.7,15.3,18.3,16.3,18.3,16.3,16.3,17.3,16.7,18.0,16.3,17.7,17.0,17.7,20.3,21.7,20.0,19.0,20.3,13.9, , , , , , , , , , , , , ,,,,,,,, ,,,,,,,, ,,,,,,,, ,,,,,,,, ,,,,,,,, ,,,,,,,, ,,,,,,,, ,,,,,,,, ,,,,,,,, ,,,,,,,, ,,,,,,,, ,,,,,,,, ,,,,,,,, ,,,,,,,, ,,,,,,,, ,,,,,,,, ,,,,,,,, ,,,,,,,, ,,,,,,,, ,,,,,,,, ,,,,,,,, ,,,,,,,, ,,,,,,,, ,,,,,,,, ,,,,,,,, ,,,,,,,, ,,,,,,,, ,,,,,,,, ,,,,,,,, ,,,,,,,, ,,,,,,,, ,,,,,,,, ,,,,,,,, ,,,,,,,,17.0,,,,,,,,15.0,,,,,,,,17.0,,,,,,,,10.0,,,,,,,,10.0,,,,,,,,12.0,,,,,,,, ,,,,,,,, ,,,,,,,, ,,,,,,,, ,,,,,,,, ,,,,,,,, ,,,,,,,, ,,,,,,,, ,,,,,,,, ,,,,,,,, ,,,,,,,, ,,,,,,,, ,,,,,,,,20.0,,,,,,,, ,,,,,,,, ,,,,,,,,20.0,,,,,,,,21.0,,,,,,,,23.0,,,,,,,,23.0,,,,,,,,18.0,,,,,,,, ,,,,,,,, ,,,,,,,, ,,,,,,,, ,,,,,,,, ,,,,,,,, ,,,,,,,, ,,,,,,,, ,,,,,,,, ,,,,,,,, ,,,,,,,, ,,,,,,,, ,,,,,,,, ,,,,,,,, ,,,,,,,, ,,,,,,,, ,,,,,,,, ,,,,,,,, ,,,,,,,, ,,,,,,,, ,,,,,,,, ,,,,,,,, ,,,,,,,, ,,,,,,,, ,,,,,,,, ,,,,,,,, ,,,,,,,, ,,,,,,,, ,,,,,,,, ,,,,,,,, ,,,,,,,, ,,,,,,,, ,,,,,,,, ,,,,,,,, ,,,,,,,, ,,,,,,,
,,줄기 굵기 (mm), ,,,,,,,, ,,,,,,,, ,,,,,,,, ,,,,,,,, ,,,,,,,,8.2,11.2,11.9,12.7,10.1,10.5,11.1,10.4,10.1,9.9,10.4,11.1,11.0,10.0,9.9,13.9,11.5,11.2,11.4,11.7,10.3,10.3,9.8,9.7,9.1,7.9,10.9,12.1,11.9,12.3, ,12.3,12.9,10.5,13.2,10.6,11.8,10.0,10.5,9.7,10.6,9.3,9.2,8.6,9.4,8.6,9.3,8.1,8.6,8.2,4.4, , , , , , , , , , , , , ,,,,,,,, ,,,,,,,, ,,,,,,,, ,,,,,,,, ,,,,,,,, ,,,,,,,, ,,,,,,,, ,,,,,,,, ,,,,,,,, ,,,,,,,, ,,,,,,,, ,,,,,,,, ,,,,,,,, ,,,,,,,, ,,,,,,,, ,,,,,,,, ,,,,,,,, ,,,,,,,, ,,,,,,,, ,,,,,,,, ,,,,,,,, ,,,,,,,, ,,,,,,,, ,,,,,,,, ,,,,,,,, ,,,,,,,, ,,,,,,,, ,,,,,,,, ,,,,,,,, ,,,,,,,, ,,,,,,,, ,,,,,,,, ,,,,,,,, ,,,,,,,,9.6,,,,,,,,10.4,,,,,,,,10.4,,,,,,,,11.1,,,,,,,,10.7,,,,,,,,11.3,,,,,,,, ,,,,,,,, ,,,,,,,, ,,,,,,,, ,,,,,,,, ,,,,,,,, ,,,,,,,, ,,,,,,,, ,,,,,,,, ,,,,,,,, ,,,,,,,, ,,,,,,,, ,,,,,,,,12.3,,,,,,,, ,,,,,,,, ,,,,,,,,12.4,,,,,,,,13.0,,,,,,,,11.6,,,,,,,,13.0,,,,,,,,12.8,,,,,,,, ,,,,,,,, ,,,,,,,, ,,,,,,,, ,,,,,,,, ,,,,,,,, ,,,,,,,, ,,,,,,,, ,,,,,,,, ,,,,,,,, ,,,,,,,, ,,,,,,,, ,,,,,,,, ,,,,,,,, ,,,,,,,, ,,,,,,,, ,,,,,,,, ,,,,,,,, ,,,,,,,, ,,,,,,,, ,,,,,,,, ,,,,,,,, ,,,,,,,, ,,,,,,,, ,,,,,,,, ,,,,,,,, ,,,,,,,, ,,,,,,,, ,,,,,,,, ,,,,,,,, ,,,,,,,, ,,,,,,,, ,,,,,,,, ,,,,,,,, ,,,,,,,, ,,,,,,,
,화방조사,개화 화방의 높이 (cm)    , ,,,,,,,, ,,,,,,,, ,,,,,,,, ,,,,,,,, ,,,,,,,,10.4,15.2,14.8,10.7,17.9,21.8,16.2,21.6,13.3,14.3,13.7,13.3,12.0,20.7,21.0,18.7,20.7,14.8,17.7,21.0,15.7,25.3,16.7,16.5,16.7,21.0,28.5,23.7,14.3,23.3,18.7,18.7,12.3,14.7,10.7,20.7,27.3,17.7,14.3,18.0,9.3,14.0,6.7,15.7,8.7,16.0,13.0,4.3,1.3,0.0,0.0, , , , , , , , , , , , , ,,,,,,,, ,,,,,,,, ,,,,,,,, ,,,,,,,, ,,,,,,,, ,,,,,,,, ,,,,,,,, ,,,,,,,, ,,,,,,,, ,,,,,,,, ,,,,,,,, ,,,,,,,, ,,,,,,,, ,,,,,,,, ,,,,,,,, ,,,,,,,, ,,,,,,,, ,,,,,,,, ,,,,,,,, ,,,,,,,, ,,,,,,,, ,,,,,,,, ,,,,,,,, ,,,,,,,, ,,,,,,,, ,,,,,,,, ,,,,,,,, ,,,,,,,, ,,,,,,,, ,,,,,,,, ,,,,,,,, ,,,,,,,, ,,,,,,,, ,,,,,,,,11.0,,,,,,,,12.0,,,,,,,,15.5,,,,,,,,19.0,,,,,,,,17.5,,,,,,,,21.5,,,,,,,, ,,,,,,,, ,,,,,,,, ,,,,,,,, ,,,,,,,, ,,,,,,,, ,,,,,,,, ,,,,,,,, ,,,,,,,, ,,,,,,,, ,,,,,,,, ,,,,,,,, ,,,,,,,,29.5,,,,,,,, ,,,,,,,, ,,,,,,,,10.0,,,,,,,,15.0,,,,,,,,17.5,,,,,,,,17.5,,,,,,,,16.0,,,,,,,, ,,,,,,,, ,,,,,,,, ,,,,,,,, ,,,,,,,, ,,,,,,,, ,,,,,,,, ,,,,,,,, ,,,,,,,, ,,,,,,,, ,,,,,,,, ,,,,,,,, ,,,,,,,, ,,,,,,,, ,,,,,,,, ,,,,,,,, ,,,,,,,, ,,,,,,,, ,,,,,,,, ,,,,,,,, ,,,,,,,, ,,,,,,,, ,,,,,,,, ,,,,,,,, ,,,,,,,, ,,,,,,,, ,,,,,,,, ,,,,,,,, ,,,,,,,, ,,,,,,,, ,,,,,,,, ,,,,,,,, ,,,,,,,, ,,,,,,,, ,,,,,,,, ,,,,,,,
,,개화 화방의 길이(mm)   , ,,,,,,,, ,,,,,,,, ,,,,,,,, ,,,,,,,, ,,,,,,,,9.7,8.7,8.0,7.3,7.7,7.3,7.0,7.3,6.7,7.3,8.0,8.7,7.0,8.3,8.0,7.3,8.0,8.0,7.7,7.7,7.3,7.3,6.6,5.9,6.7,6.3,5.5,6.8,7.3,7.2,7.0,8.2,7.9,7.4,7.1,6.7,7.2,6.0,7.3,6.5,7.2,6.6,7.5,7.5,6.8,7.1,7.0,2.0,2.7,0.0,0.0, , , , , , , , , , , , , ,,,,,,,, ,,,,,,,, ,,,,,,,, ,,,,,,,, ,,,,,,,, ,,,,,,,, ,,,,,,,, ,,,,,,,, ,,,,,,,, ,,,,,,,, ,,,,,,,, ,,,,,,,, ,,,,,,,, ,,,,,,,, ,,,,,,,, ,,,,,,,, ,,,,,,,, ,,,,,,,, ,,,,,,,, ,,,,,,,, ,,,,,,,, ,,,,,,,, ,,,,,,,, ,,,,,,,, ,,,,,,,, ,,,,,,,, ,,,,,,,, ,,,,,,,, ,,,,,,,, ,,,,,,,, ,,,,,,,, ,,,,,,,, ,,,,,,,, ,,,,,,,,5.0,,,,,,,,4.5,,,,,,,,4.0,,,,,,,,6.0,,,,,,,,5.5,,,,,,,,4.6,,,,,,,, ,,,,,,,, ,,,,,,,, ,,,,,,,, ,,,,,,,, ,,,,,,,, ,,,,,,,, ,,,,,,,, ,,,,,,,, ,,,,,,,, ,,,,,,,, ,,,,,,,, ,,,,,,,,14.5,,,,,,,, ,,,,,,,, ,,,,,,,,5.0,,,,,,,,5.0,,,,,,,,8.0,,,,,,,,10.0,,,,,,,,9.0,,,,,,,, ,,,,,,,, ,,,,,,,, ,,,,,,,, ,,,,,,,, ,,,,,,,, ,,,,,,,, ,,,,,,,, ,,,,,,,, ,,,,,,,, ,,,,,,,, ,,,,,,,, ,,,,,,,, ,,,,,,,, ,,,,,,,, ,,,,,,,, ,,,,,,,, ,,,,,,,, ,,,,,,,, ,,,,,,,, ,,,,,,,, ,,,,,,,, ,,,,,,,, ,,,,,,,, ,,,,,,,, ,,,,,,,, ,,,,,,,, ,,,,,,,, ,,,,,,,, ,,,,,,,, ,,,,,,,, ,,,,,,,, ,,,,,,,, ,,,,,,,, ,,,,,,,, ,,,,,,,
,,개화 화방       , ,,,,,,,, ,,,,,,,, ,,,,,,,, ,,,,,,,, ,,,,,,,,1.4,2.4,3.4,5.4,6.5,7.7,9.1,11.0,12.0,13.2,14.2,14.9,16.6,17.8,19.4,20.1,20.9,22.5,23.6,24.5,25.4,26.8,27.9,29.2,30.3,30.6,32.5,33.0,34.1,34.9,35.3,36.3,36.3,37.5,37.5,38.4,37.9,39.3,39.5,40.4,40.6,41.2,41.4,42.4,42.5,43.4,43.6,44.2,44.3,44.3,44.7, , , , , , , , , , , , , ,,,,,,,, ,,,,,,,, ,,,,,,,, ,,,,,,,, ,,,,,,,, ,,,,,,,, ,,,,,,,, ,,,,,,,, ,,,,,,,, ,,,,,,,, ,,,,,,,, ,,,,,,,, ,,,,,,,, ,,,,,,,, ,,,,,,,, ,,,,,,,, ,,,,,,,, ,,,,,,,, ,,,,,,,, ,,,,,,,, ,,,,,,,, ,,,,,,,, ,,,,,,,, ,,,,,,,, ,,,,,,,, ,,,,,,,, ,,,,,,,, ,,,,,,,, ,,,,,,,, ,,,,,,,, ,,,,,,,, ,,,,,,,, ,,,,,,,, ,,,,,,,,14.1,,,,,,,,15.1,,,,,,,,16.1,,,,,,,,17.3,,,,,,,,18.2,,,,,,,,19.3,,,,,,,, ,,,,,,,, ,,,,,,,, ,,,,,,,, ,,,,,,,, ,,,,,,,, ,,,,,,,, ,,,,,,,, ,,,,,,,, ,,,,,,,, ,,,,,,,, ,,,,,,,, ,,,,,,,,32.0,,,,,,,, ,,,,,,,, ,,,,,,,,35.3,,,,,,,,36.3,,,,,,,,37.5,,,,,,,,38.5,,,,,,,,39.5,,,,,,,, ,,,,,,,, ,,,,,,,, ,,,,,,,, ,,,,,,,, ,,,,,,,, ,,,,,,,, ,,,,,,,, ,,,,,,,, ,,,,,,,, ,,,,,,,, ,,,,,,,, ,,,,,,,, ,,,,,,,, ,,,,,,,, ,,,,,,,, ,,,,,,,, ,,,,,,,, ,,,,,,,, ,,,,,,,, ,,,,,,,, ,,,,,,,, ,,,,,,,, ,,,,,,,, ,,,,,,,, ,,,,,,,, ,,,,,,,, ,,,,,,,, ,,,,,,,, ,,,,,,,, ,,,,,,,, ,,,,,,,, ,,,,,,,, ,,,,,,,, ,,,,,,,, ,,,,,,,
,,착과 화방 , ,,,,,,,, ,,,,,,,, ,,,,,,,, ,,,,,,,, ,,,,,,,,0.0,1.7,2.2,3.5,5.2,6.9,8.0,9.6,10.7,11.9,12.7,14.4,15.7,16.6,17.2,19.7,20.2,21.5,22.5,23.9,25.0,26.0,27.0,27.8,28.9,29.6,30.9,32.1,32.9,34.4,34.1,35.4,35.4,37.3,36.7,37.8,37.5,38.5,38.7,39.4,39.9,40.6,40.4,41.6,41.8,42.3,43.0,43.9,43.3,29.0,28.7, , , , , , , , , , , , , ,,,,,,,, ,,,,,,,, ,,,,,,,, ,,,,,,,, ,,,,,,,, ,,,,,,,, ,,,,,,,, ,,,,,,,, ,,,,,,,, ,,,,,,,, ,,,,,,,, ,,,,,,,, ,,,,,,,, ,,,,,,,, ,,,,,,,, ,,,,,,,, ,,,,,,,, ,,,,,,,, ,,,,,,,, ,,,,,,,, ,,,,,,,, ,,,,,,,, ,,,,,,,, ,,,,,,,, ,,,,,,,, ,,,,,,,, ,,,,,,,, ,,,,,,,, ,,,,,,,, ,,,,,,,, ,,,,,,,, ,,,,,,,, ,,,,,,,, ,,,,,,,,13.4,,,,,,,,14.1,,,,,,,,15.2,,,,,,,,16.8,,,,,,,,17.6,,,,,,,,18.8,,,,,,,, ,,,,,,,, ,,,,,,,, ,,,,,,,, ,,,,,,,, ,,,,,,,, ,,,,,,,, ,,,,,,,, ,,,,,,,, ,,,,,,,, ,,,,,,,, ,,,,,,,, ,,,,,,,,31.0,,,,,,,, ,,,,,,,, ,,,,,,,,34.5,,,,,,,,35.8,,,,,,,,36.5,,,,,,,,37.8,,,,,,,,38.5,,,,,,,, ,,,,,,,, ,,,,,,,, ,,,,,,,, ,,,,,,,, ,,,,,,,, ,,,,,,,, ,,,,,,,, ,,,,,,,, ,,,,,,,, ,,,,,,,, ,,,,,,,, ,,,,,,,, ,,,,,,,, ,,,,,,,, ,,,,,,,, ,,,,,,,, ,,,,,,,, ,,,,,,,, ,,,,,,,, ,,,,,,,, ,,,,,,,, ,,,,,,,, ,,,,,,,, ,,,,,,,, ,,,,,,,, ,,,,,,,, ,,,,,,,, ,,,,,,,, ,,,,,,,, ,,,,,,,, ,,,,,,,, ,,,,,,,, ,,,,,,,, ,,,,,,,, ,,,,,,,
,,수확 화방 , ,,,,,,,, ,,,,,,,, ,,,,,,,, ,,,,,,,, ,,,,,,,,0.0,0.0,0.0,0.0,0.0,1.0,3.0,4.3,5.0,5.7,7.0,8.3,9.7,10.3,11.3,13.3,14.3,14.7,15.3,17.0,18.0,19.3,19.7,21.0,21.7,23.0,24.0,25.3,26.3,27.0, ,27.7,29.7,29.0,30.3,29.7,31.0,31.3,31.7,32.0,32.7,33.0,33.0,34.7,34.3,35.3,35.3,36.7,36.3,37.3,37.0, , , , , , , , , , , , , ,,,,,,,, ,,,,,,,, ,,,,,,,, ,,,,,,,, ,,,,,,,, ,,,,,,,, ,,,,,,,, ,,,,,,,, ,,,,,,,, ,,,,,,,, ,,,,,,,, ,,,,,,,, ,,,,,,,, ,,,,,,,, ,,,,,,,, ,,,,,,,, ,,,,,,,, ,,,,,,,, ,,,,,,,, ,,,,,,,, ,,,,,,,, ,,,,,,,, ,,,,,,,, ,,,,,,,, ,,,,,,,, ,,,,,,,, ,,,,,,,, ,,,,,,,, ,,,,,,,, ,,,,,,,, ,,,,,,,, ,,,,,,,, ,,,,,,,, ,,,,,,,,7.0,,,,,,,,8.8,,,,,,,,9.1,,,,,,,,10.2,,,,,,,,11.3,,,,,,,,12.8,,,,,,,, ,,,,,,,, ,,,,,,,, ,,,,,,,, ,,,,,,,, ,,,,,,,, ,,,,,,,, ,,,,,,,, ,,,,,,,, ,,,,,,,, ,,,,,,,, ,,,,,,,, ,,,,,,,,24.0,,,,,,,, ,,,,,,,, ,,,,,,,,27.8,,,,,,,,29.0,,,,,,,,30.3,,,,,,,,30.8,,,,,,,,32.5,,,,,,,, ,,,,,,,, ,,,,,,,, ,,,,,,,, ,,,,,,,, ,,,,,,,, ,,,,,,,, ,,,,,,,, ,,,,,,,, ,,,,,,,, ,,,,,,,, ,,,,,,,, ,,,,,,,, ,,,,,,,, ,,,,,,,, ,,,,,,,, ,,,,,,,, ,,,,,,,, ,,,,,,,, ,,,,,,,, ,,,,,,,, ,,,,,,,, ,,,,,,,, ,,,,,,,, ,,,,,,,, ,,,,,,,, ,,,,,,,, ,,,,,,,, ,,,,,,,, ,,,,,,,, ,,,,,,,, ,,,,,,,, ,,,,,,,, ,,,,,,,, ,,,,,,,, ,,,,,,,
,,총 과일 수 , ,,,,,,,, ,,,,,,,, ,,,,,,,, ,,,,,,,, ,,,,,,,,0.0,4.3,10.3,16.7,24.7,22.3,38.0,36.7,36.3,41.0,39.0,41.0,44.0,50.7,46.3,50.3,54.7,60.3,65.3,70.7,78.0,79.7,85.0,82.3,73.3,64.7,59.7,64.0,62.3,67.3,19.0,71.7,57.7,68.0,58.0,76.7,63.3,82.0,62.0,90.7,77.0,84.0,86.7,81.7,79.3,83.0,77.3,77.7,75.7,74.7,78.7, , , , , , , , , , , , , ,,,,,,,, ,,,,,,,, ,,,,,,,, ,,,,,,,, ,,,,,,,, ,,,,,,,, ,,,,,,,, ,,,,,,,, ,,,,,,,, ,,,,,,,, ,,,,,,,, ,,,,,,,, ,,,,,,,, ,,,,,,,, ,,,,,,,, ,,,,,,,, ,,,,,,,, ,,,,,,,, ,,,,,,,, ,,,,,,,, ,,,,,,,, ,,,,,,,, ,,,,,,,, ,,,,,,,, ,,,,,,,, ,,,,,,,, ,,,,,,,, ,,,,,,,, ,,,,,,,, ,,,,,,,, ,,,,,,,, ,,,,,,,, ,,,,,,,, ,,,,,,,,40.0,,,,,,,,39.0,,,,,,,,49.0,,,,,,,,49.0,,,,,,,,44.0,,,,,,,,43.0,,,,,,,, ,,,,,,,, ,,,,,,,, ,,,,,,,, ,,,,,,,, ,,,,,,,, ,,,,,,,, ,,,,,,,, ,,,,,,,, ,,,,,,,, ,,,,,,,, ,,,,,,,, ,,,,,,,,52.0,,,,,,,, ,,,,,,,, ,,,,,,,,46.0,,,,,,,,45.0,,,,,,,,46.0,,,,,,,,52.0,,,,,,,,48.0,,,,,,,, ,,,,,,,, ,,,,,,,, ,,,,,,,, ,,,,,,,, ,,,,,,,, ,,,,,,,, ,,,,,,,, ,,,,,,,, ,,,,,,,, ,,,,,,,, ,,,,,,,, ,,,,,,,, ,,,,,,,, ,,,,,,,, ,,,,,,,, ,,,,,,,, ,,,,,,,, ,,,,,,,, ,,,,,,,, ,,,,,,,, ,,,,,,,, ,,,,,,,, ,,,,,,,, ,,,,,,,, ,,,,,,,, ,,,,,,,, ,,,,,,,, ,,,,,,,, ,,,,,,,, ,,,,,,,, ,,,,,,,, ,,,,,,,, ,,,,,,,, ,,,,,,,, ,,,,,,,
,,,,,,,,,,,,,,,,,,,,,,,,,,,,,,,,,,,,,,,,,,,,,,,,,,,,,,,,,,,,,,,,,,,,,,,,,,,,,,,,,,,,,,,,,,,,,,,,,,,,,,,,,,,,,,,,,,,,,,,,,,,,,,,,,,,,,,,,,,,,,,,,,,,,,,,,,,,,,,,,,,,,,,,,,,,,,,,,,,,,,,,,,,,,,,,,,,,,,,,,,,,,,,,,,,,,,,,,,,,,,,,,,,,,,,,,,,,,,,,,,,,,,,,,,,,,,,,,,,,,,,,,,,,,,,,,,,,,,,,,,,,,,,,,,,,,,,,,,,,,,,,,,,,,,,,,,,,,,,,,,,,,,,,,,,,,,,,,,,,,,,,,,,,,,,,,,,,,,,,,,,,,,,,,,,,,,,,,,,,,,,,,,,,,,,,,,,,,,,,,,,,,,,,,,,,,,,,,,,,,,,,,,,,,,,,,,,,,,,,,,,,,,,,,,,,,,,,,,,,,,,,,,,,,,,,,,,,,,,,,,,,,,,,,,,,,,,,,,,,,,,,,,,,,,,,,,,,,,,,,,,,,,,,,,,,,,,,,,,,,,,,,,,,,,,,,,,,,,,,,,,,,,,,,,,,,,,,,,,,,,,,,,,,,,,,,,,,,,,,,,,,,,,,,,,,,,,,,,,,,,,,,,,,,,,,,,,,,,,,,,,,,,,,,,,,,,,,,,,,,,,,,,,,,,,,,,,,,,,,,,,,,,,,,,,,,,,,,,,,,,,,,,,,,,,,,,,,,,,,,,,,,,,,,,,,,,,,,,,,,,,,,,,,,,,,,,,,,,,,,,,,,,,,,,,,,,,,,,,,,,,,,,,,,,,,,,,,,,,,,,,,,,,,,,,,,,,,,,,,,,,,,,,,,,,,,,,,,,,,,,,,,,,,,,,,,,,,,,,,,,,,,,
,, ,,,,#REF!,,,,,,,,,,,,,,,,,,,,,,,,,,,,,,,,,,,,,,,,,,,,,,,,,,,,,,,,,,,,,,,,,,,,,,,,,,,,,,,,,,,,,,,,,,,,,,,,,,,,,,,,,,,,,,,,,,,,,,,,,,,,,,,,,,,,,,,,,,,,,,,,,,,,,,,,,,,,,,,,,,,,,,,,,,,,,,,,,,,,,,,,,,,,,,,,,,,,,,,,,,,,,,,,,,,,,,,,,,,,,,,,,,,,,,,,,,,,,,,,,,,,,,,,,,,,,,,,,,,,,,,,,,,,,,,,,,,,,,,,,,,,,,,,,,,,,,,,,,,,,,,,,,,,,,,,,,,,,,,,,,,,,,,,,,,,,,,,,,,,,,,,,,,,,,,,,,,,,,,,,,,,,,,,,,,,,,,,,,,,,,,,,,,,,,,,,,,,,,,,,,,,,,,,,,,,,,,,,,,,,,,,,,,,,,,,,,,,,,,,,,,,,,,,,,,,,,,,,,,,,,,,,,,,,,,,,,,,,,,,,,,,,,,,,,,,,,,,,,,,,,,,,,,,,,,,,,,,,,,,,,,,,,,,,,,,,,,,,,,,,,,,,,,,,,,,,,,,,,,,,,,,,,,,,,,,,,,,,,,,,,,,,,,,,,,,,,,,,,,,,,,,,,,,,,,,,,,,,,,,,,,,,,,,,,,,,,,,,,,,,,,,,,,,,,,,,,,,,,,,,,,,,,,,,,,,,,,,,,,,,,,,,,,,,,,,,,,,,,,,,,,,,,,,,,,,,,,,,,,,,,,,,,,,,,,,,,,,,,,,,,,,,,,,,,,,,,,,,,,,,,,,,,,,,,,,,,,,,,,,,,,,,,,,,,,,,,,,,,,,,,,,,,,,,,,,,,,,,,,,,,,,,,,,,,,,,,,,,,,,,,,,,,,,,,,,,,,,,,,